<?xml version = '1.0' encoding = 'UTF-8'?>
<relationalModel class="oracle.dbtools.crest.model.design.relational.RelationalDesign" name="Relational_1" id="5741DB12-2C93-DE6C-9CDD-3A09A1034E4F" mainViewID="4D4B08CF-397B-0737-BEE6-027DD27730DE">
<createdBy>iwon0004</createdBy>
<createdTime>2021-04-25 02:47:51 UTC</createdTime>
<ownerDesignName>assignment1b_oraclemodel</ownerDesignName>
<shouldBeOpen>false</shouldBeOpen>
<selectedRDBMSSite>32076570-2523-435C-2E92-BF29817DFF70</selectedRDBMSSite>
</relationalModel>