<?xml version = '1.0' encoding = 'UTF-8'?>
<Diagram class="oracle.dbtools.crest.swingui.logical.DPVLogical" name="Logical" id="419718FF-81C3-1645-2F9C-560995DE9503">
<createdBy>iwon0004</createdBy>
<modifiedBy>iwon0004</modifiedBy>
<createdTime>2021-04-25 07:29:16 UTC</createdTime>
<autoRoute>false</autoRoute>
<boxInbox>true</boxInbox>
<showLegend>true</showLegend>
<showLabels>true</showLabels>
<showRelAttributes>false</showRelAttributes>
<gridEnabled>false</gridEnabled>
<showGrid>false</showGrid>
<diagramColor>-1</diagramColor>
<display>false</display>
<notation>2</notation>
<showAllDetails>false</showAllDetails>
<showElements>true</showElements>
<objectViews>
<OView class="oracle.dbtools.crest.swingui.logical.TVEntity" oid="0368C7B1-3FD1-FFD5-C127-1A482A890658" otype="Entity" vid="4904CF2A-1337-E0AF-F4B0-4172BFDA0947">
<hideElementsInCurrentOnly>false</hideElementsInCurrentOnly>
<bounds x="109" y="472" width="170" height="122"/>
</OView>
<OView class="oracle.dbtools.crest.swingui.logical.TVEntity" oid="0E6F3571-0245-161B-943C-E829A884B139" otype="Entity" vid="902B6C82-8349-DB4C-B0D0-1327AC9E097C">
<hideElementsInCurrentOnly>false</hideElementsInCurrentOnly>
<bounds x="1193" y="781" width="170" height="110"/>
</OView>
<OView class="oracle.dbtools.crest.swingui.logical.TVEntity" oid="325762F8-98C8-098B-4904-36E1704DA004" otype="Entity" vid="88D9155D-7ECF-7B20-AF30-39205AA3A7D2">
<hideElementsInCurrentOnly>false</hideElementsInCurrentOnly>
<bounds x="487" y="471" width="170" height="136"/>
</OView>
<OView class="oracle.dbtools.crest.swingui.logical.TVEntity" oid="4F513056-F157-92CC-97DE-4520E0631090" otype="Entity" vid="4AAAA4BE-0DDB-3F83-3020-92159F59976A">
<hideElementsInCurrentOnly>false</hideElementsInCurrentOnly>
<bounds x="358" y="73" width="170" height="110"/>
</OView>
<OView class="oracle.dbtools.crest.swingui.logical.TVEntity" oid="50269B04-A550-E53A-0499-065671ACD574" otype="Entity" vid="4B2CC355-31B1-401D-95EF-9FA6D749937A">
<hideElementsInCurrentOnly>false</hideElementsInCurrentOnly>
<bounds x="1497" y="780" width="170" height="110"/>
</OView>
<OView class="oracle.dbtools.crest.swingui.logical.TVEntity" oid="513F1BED-096D-704E-003E-632914B77532" otype="Entity" vid="9D80C692-7987-4EE5-8B24-4625E900C4E2">
<hideElementsInCurrentOnly>false</hideElementsInCurrentOnly>
<bounds x="877" y="208" width="170" height="110"/>
</OView>
<OView class="oracle.dbtools.crest.swingui.logical.TVEntity" oid="54515F39-E135-6FD7-8259-D68634812C07" otype="Entity" vid="BDAA6809-9E25-7BE0-A4E9-C9505B71B914">
<hideElementsInCurrentOnly>false</hideElementsInCurrentOnly>
<bounds x="110" y="272" width="170" height="124"/>
</OView>
<OView class="oracle.dbtools.crest.swingui.logical.TVEntity" oid="7299C1C9-5AB9-B1AA-DB1B-1392B152CBDB" otype="Entity" vid="678EEA93-8047-0BE1-E962-4D47AABCD1FF">
<hideElementsInCurrentOnly>false</hideElementsInCurrentOnly>
<bounds x="1193" y="409" width="170" height="110"/>
</OView>
<OView class="oracle.dbtools.crest.swingui.logical.TVEntity" oid="7616F06F-6AF2-1B5F-4701-F34569D4ED92" otype="Entity" vid="F139AE79-DBF3-4A02-BBBD-E9AF52698F04">
<hideElementsInCurrentOnly>false</hideElementsInCurrentOnly>
<bounds x="110" y="668" width="170" height="110"/>
</OView>
<OView class="oracle.dbtools.crest.swingui.logical.TVEntity" oid="7DB7A941-40FC-7E26-D797-E8967E6950AE" otype="Entity" vid="45B08514-415E-997B-6E47-541267657A9C">
<hideElementsInCurrentOnly>false</hideElementsInCurrentOnly>
<bounds x="620" y="278" width="170" height="110"/>
</OView>
<OView class="oracle.dbtools.crest.swingui.logical.TVEntity" oid="AD0B683E-921B-1A35-1C73-A50752AD742B" otype="Entity" vid="F8BAC663-C8ED-57AB-B775-5C091C1C4422">
<hideElementsInCurrentOnly>false</hideElementsInCurrentOnly>
<bounds x="877" y="407" width="170" height="110"/>
</OView>
<OView class="oracle.dbtools.crest.swingui.TVLegend" oid="B8946C6C-71D8-56DF-E25B-FFFFAE9BC216" otype="Legend" vid="27AF8845-247B-8CBA-2639-D0038E0BADB7">
<hideElementsInCurrentOnly>false</hideElementsInCurrentOnly>
<bounds x="10" y="10" width="232" height="135"/>
</OView>
<OView class="oracle.dbtools.crest.swingui.logical.TVEntity" oid="D40D5293-0C0E-5BF7-5461-65116CB592A9" otype="Entity" vid="1797DD47-650A-2F04-0D5F-9B61BE683871">
<hideElementsInCurrentOnly>false</hideElementsInCurrentOnly>
<bounds x="358" y="272" width="170" height="142"/>
</OView>
<OView class="oracle.dbtools.crest.swingui.logical.TVEntity" oid="F3835F13-2A10-4A59-C013-C58181F43F66" otype="Entity" vid="6EEAD756-14C8-A1F8-8398-1EF6731280EE">
<hideElementsInCurrentOnly>false</hideElementsInCurrentOnly>
<bounds x="1193" y="585" width="170" height="110"/>
</OView>
</objectViews>
<connectors>
<Connector class="oracle.dbtools.crest.swingui.logical.TVRelation" oid="04391599-B9C6-2303-6BF8-125698DB6CC7" otype="Relation" vid_source="F139AE79-DBF3-4A02-BBBD-E9AF52698F04" vid_target="4904CF2A-1337-E0AF-F4B0-4172BFDA0947">
<hideElementsInCurrentOnly>false</hideElementsInCurrentOnly>
<backgroundColor>-16777216</backgroundColor>
<lineWidth>1</lineWidth>
<sourceLabel class="oracle.dbtools.crest.model.design.Label">
<site>0</site>
<labelBounds x="194" y="632" width="31" height="30"/>
<noBackgroundColor>true</noBackgroundColor>
<noForegroundColor>true</noForegroundColor>
</sourceLabel>
<targetLabel class="oracle.dbtools.crest.model.design.Label">
<site>2</site>
<labelBounds x="194" y="630" width="19" height="33"/>
<noBackgroundColor>true</noBackgroundColor>
<noForegroundColor>true</noForegroundColor>
</targetLabel>
<points>
<point x="194" y="668"/>
<point x="194" y="594"/>
</points>
</Connector>
<Connector class="oracle.dbtools.crest.swingui.logical.TVRelation" oid="04E6E8DD-BE7D-ED72-A1A0-38731B39E95D" otype="Relation" vid_source="88D9155D-7ECF-7B20-AF30-39205AA3A7D2" vid_target="6EEAD756-14C8-A1F8-8398-1EF6731280EE">
<hideElementsInCurrentOnly>false</hideElementsInCurrentOnly>
<backgroundColor>-16777216</backgroundColor>
<lineWidth>1</lineWidth>
<sourceLabel class="oracle.dbtools.crest.model.design.Label">
<site>0</site>
<labelBounds x="667" y="566" width="61" height="30"/>
<noBackgroundColor>true</noBackgroundColor>
<noForegroundColor>true</noForegroundColor>
</sourceLabel>
<targetLabel class="oracle.dbtools.crest.model.design.Label">
<site>2</site>
<labelBounds x="1169" y="599" width="18" height="30"/>
<noBackgroundColor>true</noBackgroundColor>
<noForegroundColor>true</noForegroundColor>
</targetLabel>
<points>
<point x="657" y="596"/>
<point x="1193" y="596"/>
</points>
</Connector>
<Connector class="oracle.dbtools.crest.swingui.logical.TVRelation" oid="355C57EF-22AB-C268-B6DC-8F2EFE10E828" otype="Relation" vid_source="BDAA6809-9E25-7BE0-A4E9-C9505B71B914" vid_target="4904CF2A-1337-E0AF-F4B0-4172BFDA0947">
<hideElementsInCurrentOnly>false</hideElementsInCurrentOnly>
<backgroundColor>-16777216</backgroundColor>
<lineWidth>1</lineWidth>
<sourceLabel class="oracle.dbtools.crest.model.design.Label">
<site>0</site>
<labelBounds x="194" y="432" width="38" height="30"/>
<noBackgroundColor>true</noBackgroundColor>
<noForegroundColor>true</noForegroundColor>
</sourceLabel>
<targetLabel class="oracle.dbtools.crest.model.design.Label">
<site>2</site>
<labelBounds x="194" y="428" width="18" height="30"/>
<noBackgroundColor>true</noBackgroundColor>
<noForegroundColor>true</noForegroundColor>
</targetLabel>
<points>
<point x="194" y="396"/>
<point x="194" y="472"/>
</points>
</Connector>
<Connector class="oracle.dbtools.crest.swingui.logical.TVRelation" oid="36C56A5A-CCF7-061A-44FA-433300CCF703" otype="Relation" vid_source="88D9155D-7ECF-7B20-AF30-39205AA3A7D2" vid_target="F8BAC663-C8ED-57AB-B775-5C091C1C4422">
<hideElementsInCurrentOnly>false</hideElementsInCurrentOnly>
<backgroundColor>-16777216</backgroundColor>
<lineWidth>1</lineWidth>
<sourceLabel class="oracle.dbtools.crest.model.design.Label">
<site>0</site>
<labelBounds x="667" y="449" width="62" height="30"/>
<noBackgroundColor>true</noBackgroundColor>
<noForegroundColor>true</noForegroundColor>
</sourceLabel>
<targetLabel class="oracle.dbtools.crest.model.design.Label">
<site>2</site>
<labelBounds x="853" y="482" width="18" height="30"/>
<noBackgroundColor>true</noBackgroundColor>
<noForegroundColor>true</noForegroundColor>
</targetLabel>
<points>
<point x="657" y="479"/>
<point x="877" y="479"/>
</points>
</Connector>
<Connector class="oracle.dbtools.crest.swingui.logical.TVRelation" oid="4887509B-3351-45DF-4C5C-F999D0C4FE27" otype="Relation" vid_source="6EEAD756-14C8-A1F8-8398-1EF6731280EE" vid_target="902B6C82-8349-DB4C-B0D0-1327AC9E097C">
<hideElementsInCurrentOnly>false</hideElementsInCurrentOnly>
<backgroundColor>-16777216</backgroundColor>
<lineWidth>1</lineWidth>
<sourceLabel class="oracle.dbtools.crest.model.design.Label">
<site>0</site>
<labelBounds x="1278" y="730" width="55" height="21"/>
<noBackgroundColor>true</noBackgroundColor>
<noForegroundColor>true</noForegroundColor>
</sourceLabel>
<targetLabel class="oracle.dbtools.crest.model.design.Label">
<site>2</site>
<labelBounds x="1278" y="745" width="18" height="30"/>
<noBackgroundColor>true</noBackgroundColor>
<noForegroundColor>true</noForegroundColor>
</targetLabel>
<points>
<point x="1278" y="695"/>
<point x="1278" y="781"/>
</points>
</Connector>
<Connector class="oracle.dbtools.crest.swingui.logical.TVRelation" oid="55CAE350-171F-3C36-40D3-DDE8EA7BB85C" otype="Relation" vid_source="4AAAA4BE-0DDB-3F83-3020-92159F59976A" vid_target="1797DD47-650A-2F04-0D5F-9B61BE683871">
<hideElementsInCurrentOnly>false</hideElementsInCurrentOnly>
<backgroundColor>-16777216</backgroundColor>
<lineWidth>1</lineWidth>
<sourceLabel class="oracle.dbtools.crest.model.design.Label">
<site>0</site>
<labelBounds x="443" y="225" width="31" height="36"/>
<noBackgroundColor>true</noBackgroundColor>
<noForegroundColor>true</noForegroundColor>
</sourceLabel>
<targetLabel class="oracle.dbtools.crest.model.design.Label">
<site>2</site>
<labelBounds x="443" y="237" width="16" height="29"/>
<noBackgroundColor>true</noBackgroundColor>
<noForegroundColor>true</noForegroundColor>
</targetLabel>
<points>
<point x="443" y="183"/>
<point x="443" y="272"/>
</points>
</Connector>
<Connector class="oracle.dbtools.crest.swingui.logical.TVRelation" oid="7267709F-2CC1-B4D6-E95F-C8E8C8401350" otype="Relation" vid_source="9D80C692-7987-4EE5-8B24-4625E900C4E2" vid_target="F8BAC663-C8ED-57AB-B775-5C091C1C4422">
<hideElementsInCurrentOnly>false</hideElementsInCurrentOnly>
<backgroundColor>-16777216</backgroundColor>
<lineWidth>1</lineWidth>
<sourceLabel class="oracle.dbtools.crest.model.design.Label">
<site>0</site>
<labelBounds x="977" y="354" width="59" height="30"/>
<noBackgroundColor>true</noBackgroundColor>
<noForegroundColor>true</noForegroundColor>
</sourceLabel>
<targetLabel class="oracle.dbtools.crest.model.design.Label">
<site>2</site>
<labelBounds x="977" y="363" width="18" height="30"/>
<noBackgroundColor>true</noBackgroundColor>
<noForegroundColor>true</noForegroundColor>
</targetLabel>
<points>
<point x="977" y="318"/>
<point x="977" y="407"/>
</points>
</Connector>
<Connector class="oracle.dbtools.crest.swingui.logical.TVRelation" oid="7396DB95-F9FC-2004-71C5-E37BCE0D029C" otype="Relation" vid_source="6EEAD756-14C8-A1F8-8398-1EF6731280EE" vid_target="678EEA93-8047-0BE1-E962-4D47AABCD1FF">
<hideElementsInCurrentOnly>false</hideElementsInCurrentOnly>
<backgroundColor>-16777216</backgroundColor>
<lineWidth>1</lineWidth>
<sourceLabel class="oracle.dbtools.crest.model.design.Label">
<site>0</site>
<labelBounds x="1278" y="546" width="55" height="17"/>
<noBackgroundColor>true</noBackgroundColor>
<noForegroundColor>true</noForegroundColor>
</sourceLabel>
<targetLabel class="oracle.dbtools.crest.model.design.Label">
<site>2</site>
<labelBounds x="1278" y="542" width="17" height="33"/>
<noBackgroundColor>true</noBackgroundColor>
<noForegroundColor>true</noForegroundColor>
</targetLabel>
<points>
<point x="1278" y="585"/>
<point x="1278" y="519"/>
</points>
</Connector>
<Connector class="oracle.dbtools.crest.swingui.logical.TVRelation" oid="74C9C2E2-7055-2D47-ECD0-0D6D5104D5D3" otype="Relation" vid_source="4904CF2A-1337-E0AF-F4B0-4172BFDA0947" vid_target="88D9155D-7ECF-7B20-AF30-39205AA3A7D2">
<hideElementsInCurrentOnly>false</hideElementsInCurrentOnly>
<backgroundColor>-16777216</backgroundColor>
<lineWidth>1</lineWidth>
<sourceLabel class="oracle.dbtools.crest.model.design.Label">
<site>0</site>
<labelBounds x="289" y="503" width="49" height="30"/>
<noBackgroundColor>true</noBackgroundColor>
<noForegroundColor>true</noForegroundColor>
</sourceLabel>
<targetLabel class="oracle.dbtools.crest.model.design.Label">
<site>2</site>
<labelBounds x="463" y="536" width="18" height="30"/>
<noBackgroundColor>true</noBackgroundColor>
<noForegroundColor>true</noForegroundColor>
</targetLabel>
<points>
<point x="279" y="533"/>
<point x="487" y="533"/>
</points>
</Connector>
<Connector class="oracle.dbtools.crest.swingui.logical.TVRelation" oid="759A9E3B-8AA6-4D4D-9C16-9440DCAE337C" otype="Relation" vid_source="1797DD47-650A-2F04-0D5F-9B61BE683871" vid_target="88D9155D-7ECF-7B20-AF30-39205AA3A7D2">
<hideElementsInCurrentOnly>false</hideElementsInCurrentOnly>
<backgroundColor>-16777216</backgroundColor>
<lineWidth>1</lineWidth>
<sourceLabel class="oracle.dbtools.crest.model.design.Label">
<site>0</site>
<labelBounds x="507" y="432" width="49" height="12"/>
<noBackgroundColor>true</noBackgroundColor>
<noForegroundColor>true</noForegroundColor>
</sourceLabel>
<targetLabel class="oracle.dbtools.crest.model.design.Label">
<site>2</site>
<labelBounds x="507" y="434" width="18" height="31"/>
<noBackgroundColor>true</noBackgroundColor>
<noForegroundColor>true</noForegroundColor>
</targetLabel>
<points>
<point x="507" y="414"/>
<point x="507" y="471"/>
</points>
</Connector>
<Connector class="oracle.dbtools.crest.swingui.logical.TVRelation" oid="9509B2BB-F759-64A5-345F-3C5FB5AC932C" otype="Relation" vid_source="1797DD47-650A-2F04-0D5F-9B61BE683871" vid_target="BDAA6809-9E25-7BE0-A4E9-C9505B71B914">
<hideElementsInCurrentOnly>false</hideElementsInCurrentOnly>
<backgroundColor>-16777216</backgroundColor>
<lineWidth>1</lineWidth>
<sourceLabel class="oracle.dbtools.crest.model.design.Label">
<site>0</site>
<labelBounds x="306" y="304" width="46" height="30"/>
<noBackgroundColor>true</noBackgroundColor>
<noForegroundColor>true</noForegroundColor>
</sourceLabel>
<targetLabel class="oracle.dbtools.crest.model.design.Label">
<site>2</site>
<labelBounds x="290" y="337" width="18" height="30"/>
<noBackgroundColor>true</noBackgroundColor>
<noForegroundColor>true</noForegroundColor>
</targetLabel>
<points>
<point x="358" y="334"/>
<point x="280" y="334"/>
</points>
</Connector>
<Connector class="oracle.dbtools.crest.swingui.logical.TVRelation" oid="A3011408-DD46-7E2F-FCD3-10B4A8418B45" otype="Relation" vid_source="F8BAC663-C8ED-57AB-B775-5C091C1C4422" vid_target="678EEA93-8047-0BE1-E962-4D47AABCD1FF">
<hideElementsInCurrentOnly>false</hideElementsInCurrentOnly>
<backgroundColor>-16777216</backgroundColor>
<lineWidth>1</lineWidth>
<sourceLabel class="oracle.dbtools.crest.model.design.Label">
<site>0</site>
<labelBounds x="1057" y="429" width="53" height="34"/>
<noBackgroundColor>true</noBackgroundColor>
<noForegroundColor>true</noForegroundColor>
</sourceLabel>
<targetLabel class="oracle.dbtools.crest.model.design.Label">
<site>2</site>
<labelBounds x="1169" y="466" width="18" height="30"/>
<noBackgroundColor>true</noBackgroundColor>
<noForegroundColor>true</noForegroundColor>
</targetLabel>
<points>
<point x="1047" y="463"/>
<point x="1193" y="463"/>
</points>
</Connector>
<Connector class="oracle.dbtools.crest.swingui.logical.TVRelation" oid="B0123395-3F53-6759-FC2E-B68D83AFEF89" otype="Relation" vid_source="88D9155D-7ECF-7B20-AF30-39205AA3A7D2" vid_target="88D9155D-7ECF-7B20-AF30-39205AA3A7D2">
<hideElementsInCurrentOnly>false</hideElementsInCurrentOnly>
<backgroundColor>-16777216</backgroundColor>
<lineWidth>1</lineWidth>
<sourceLabel class="oracle.dbtools.crest.model.design.Label">
<site>0</site>
<labelBounds x="649" y="664" width="61" height="30"/>
<noBackgroundColor>true</noBackgroundColor>
<noForegroundColor>true</noForegroundColor>
</sourceLabel>
<targetLabel class="oracle.dbtools.crest.model.design.Label">
<site>2</site>
<labelBounds x="502" y="636" width="18" height="30"/>
<noBackgroundColor>true</noBackgroundColor>
<noForegroundColor>true</noForegroundColor>
</targetLabel>
<points>
<point x="649" y="607"/>
<point x="649" y="649"/>
<point x="580" y="649"/>
<point x="502" y="649"/>
<point x="502" y="607"/>
</points>
</Connector>
<Connector class="oracle.dbtools.crest.swingui.logical.TVRelation" oid="D3824F88-70CD-72C1-46C7-E8094B9499C4" otype="Relation" vid_source="45B08514-415E-997B-6E47-541267657A9C" vid_target="1797DD47-650A-2F04-0D5F-9B61BE683871">
<hideElementsInCurrentOnly>false</hideElementsInCurrentOnly>
<backgroundColor>-16777216</backgroundColor>
<lineWidth>1</lineWidth>
<sourceLabel class="oracle.dbtools.crest.model.design.Label">
<site>0</site>
<labelBounds x="554" y="296" width="60" height="37"/>
<noBackgroundColor>true</noBackgroundColor>
<noForegroundColor>true</noForegroundColor>
</sourceLabel>
<targetLabel class="oracle.dbtools.crest.model.design.Label">
<site>2</site>
<labelBounds x="538" y="336" width="17" height="36"/>
<noBackgroundColor>true</noBackgroundColor>
<noForegroundColor>true</noForegroundColor>
</targetLabel>
<points>
<point x="620" y="333"/>
<point x="528" y="333"/>
</points>
</Connector>
<Connector class="oracle.dbtools.crest.swingui.logical.TVRelation" oid="DF4CC561-5000-54F5-A929-BEAD6A52F316" otype="Relation" vid_source="4B2CC355-31B1-401D-95EF-9FA6D749937A" vid_target="902B6C82-8349-DB4C-B0D0-1327AC9E097C">
<hideElementsInCurrentOnly>false</hideElementsInCurrentOnly>
<backgroundColor>-16777216</backgroundColor>
<lineWidth>1</lineWidth>
<sourceLabel class="oracle.dbtools.crest.model.design.Label">
<site>0</site>
<labelBounds x="1407" y="803" width="84" height="32"/>
<noBackgroundColor>true</noBackgroundColor>
<noForegroundColor>true</noForegroundColor>
</sourceLabel>
<targetLabel class="oracle.dbtools.crest.model.design.Label">
<site>2</site>
<labelBounds x="1373" y="838" width="19" height="33"/>
<noBackgroundColor>true</noBackgroundColor>
<noForegroundColor>true</noForegroundColor>
</targetLabel>
<points>
<point x="1497" y="835"/>
<point x="1363" y="835"/>
</points>
</Connector>
<Connector class="oracle.dbtools.crest.swingui.logical.TVRelation" oid="F2F5924E-6A4E-3E00-D733-42661C1CD99C" otype="Relation" vid_source="45B08514-415E-997B-6E47-541267657A9C" vid_target="88D9155D-7ECF-7B20-AF30-39205AA3A7D2">
<hideElementsInCurrentOnly>false</hideElementsInCurrentOnly>
<backgroundColor>-16777216</backgroundColor>
<lineWidth>1</lineWidth>
<sourceLabel class="oracle.dbtools.crest.model.design.Label">
<site>0</site>
<labelBounds x="638" y="432" width="38" height="30"/>
<noBackgroundColor>true</noBackgroundColor>
<noForegroundColor>true</noForegroundColor>
</sourceLabel>
<targetLabel class="oracle.dbtools.crest.model.design.Label">
<site>2</site>
<labelBounds x="638" y="403" width="18" height="30"/>
<noBackgroundColor>true</noBackgroundColor>
<noForegroundColor>true</noForegroundColor>
</targetLabel>
<points>
<point x="638" y="388"/>
<point x="638" y="471"/>
</points>
</Connector>
</connectors>
</Diagram>
