<?xml version = '1.0' encoding = 'UTF-8'?>
<FKIndexAssociation class="oracle.dbtools.crest.model.design.relational.FKIndexAssociation" directorySegmentName="seg_0" id="07AF9EAF-2C04-C612-1823-449B299BB5A9" containerWithKeyObject="43342A03-9E8E-F7F2-E26D-7BC8606695D2" localFKIndex="36643C3E-38D0-516F-F5CC-5EAC992287AE" name="DRUG_PRESCRIPTION">
<createdBy>iwon0004</createdBy>
<createdTime>2021-04-26 07:26:55 UTC</createdTime>
<generatorID>7267709F-2CC1-B4D6-E95F-C8E8C8401350</generatorID>
<ownerDesignName>assignment1b_oraclemodel</ownerDesignName>
<referredTableLongName>DRUG</referredTableLongName>
<deleteRule>NO ACTION</deleteRule>
<referredTableID>60B7EFD0-97BE-6C38-8250-24DE9EE4D29D</referredTableID>
<keyObject>DA328C36-9AD5-55F0-BF80-62636F20ADC4</keyObject>
<referredKeyID>DA328C36-9AD5-55F0-BF80-62636F20ADC4</referredKeyID>
<mandatory>true</mandatory>
<refColNames>drug_id</refColNames>
<transferable>true</transferable>
<rely>false</rely>
<columnDependencyConstraintGenerateInDDL>true</columnDependencyConstraintGenerateInDDL>
</FKIndexAssociation>
