<?xml version = '1.0' encoding = 'UTF-8'?>
<FKIndexAssociation class="oracle.dbtools.crest.model.design.relational.FKIndexAssociation" directorySegmentName="seg_0" id="13170BF6-D982-1C48-684F-2EC5FA886299" containerWithKeyObject="4D38499E-8F96-BA4C-661A-4E8E99ECAF73" localFKIndex="1E9F3045-7EE9-C432-1D7C-A0A056C7411F" name="VET_CLINIC">
<createdBy>iwon0004</createdBy>
<createdTime>2021-04-26 07:26:55 UTC</createdTime>
<generatorID>D3824F88-70CD-72C1-46C7-E8094B9499C4</generatorID>
<ownerDesignName>assignment1b_oraclemodel</ownerDesignName>
<referredTableLongName>CLINIC</referredTableLongName>
<deleteRule>NO ACTION</deleteRule>
<referredTableID>8116CEF0-BB2A-0593-89F5-3761B148FEE9</referredTableID>
<keyObject>3F96FE63-BB6F-542C-589B-88068121B96E</keyObject>
<referredKeyID>3F96FE63-BB6F-542C-589B-88068121B96E</referredKeyID>
<mandatory>true</mandatory>
<refColNames>clinic_id</refColNames>
<transferable>true</transferable>
<rely>false</rely>
<columnDependencyConstraintGenerateInDDL>true</columnDependencyConstraintGenerateInDDL>
</FKIndexAssociation>
