<?xml version = '1.0' encoding = 'UTF-8'?>
<FKIndexAssociation class="oracle.dbtools.crest.model.design.relational.FKIndexAssociation" directorySegmentName="seg_0" id="1B8B0C28-B478-E658-DCAD-787F9F215AED" containerWithKeyObject="08085C11-BB7D-B16F-4FE0-5E49B6B6E02F" localFKIndex="2010EEE1-5C7C-163E-6158-8C67DAD014BB" name="INVOICE_DRUGLINE">
<createdBy>iwon0004</createdBy>
<createdTime>2021-04-26 07:26:55 UTC</createdTime>
<generatorID>7396DB95-F9FC-2004-71C5-E37BCE0D029C</generatorID>
<ownerDesignName>assignment1b_oraclemodel</ownerDesignName>
<referredTableLongName>INVOICE</referredTableLongName>
<deleteRule>NO ACTION</deleteRule>
<referredTableID>01F1C914-106C-74DE-AB05-9B6A11FD4FC7</referredTableID>
<keyObject>6F20C0B9-DA5A-BD00-3F7D-6321A0741036</keyObject>
<referredKeyID>6F20C0B9-DA5A-BD00-3F7D-6321A0741036</referredKeyID>
<mandatory>true</mandatory>
<refColNames>invoice_id</refColNames>
<transferable>true</transferable>
<rely>false</rely>
<columnDependencyConstraintGenerateInDDL>true</columnDependencyConstraintGenerateInDDL>
</FKIndexAssociation>
