<?xml version = '1.0' encoding = 'UTF-8'?>
<FKIndexAssociation class="oracle.dbtools.crest.model.design.relational.FKIndexAssociation" directorySegmentName="seg_0" id="2AAFB331-9F9F-63D3-0FCD-5AB396A18988" containerWithKeyObject="43342A03-9E8E-F7F2-E26D-7BC8606695D2" localFKIndex="276CDC45-5C5D-6204-4C40-F96AFACCE345" name="VISIT_PRESCRIPTION">
<createdBy>iwon0004</createdBy>
<createdTime>2021-04-26 07:26:55 UTC</createdTime>
<generatorID>36C56A5A-CCF7-061A-44FA-433300CCF703</generatorID>
<ownerDesignName>assignment1b_oraclemodel</ownerDesignName>
<referredTableLongName>VISIT</referredTableLongName>
<deleteRule>NO ACTION</deleteRule>
<referredTableID>46A9A7EB-9E9C-8B48-63DD-8705DD0C2BCE</referredTableID>
<keyObject>95D0153A-9275-C2A4-BEDB-5E4424CE0E13</keyObject>
<referredKeyID>95D0153A-9275-C2A4-BEDB-5E4424CE0E13</referredKeyID>
<mandatory>true</mandatory>
<refColNames>visit_id</refColNames>
<transferable>true</transferable>
<rely>false</rely>
<columnDependencyConstraintGenerateInDDL>true</columnDependencyConstraintGenerateInDDL>
</FKIndexAssociation>
