<?xml version = '1.0' encoding = 'UTF-8'?>
<FKIndexAssociation class="oracle.dbtools.crest.model.design.relational.FKIndexAssociation" directorySegmentName="seg_0" id="3D2995B7-B441-D4D2-110C-755B6D10B26C" containerWithKeyObject="46A9A7EB-9E9C-8B48-63DD-8705DD0C2BCE" localFKIndex="23A11E09-7E0A-D6A8-AA9E-C1ED558A8ABF" name="PET_VISIT">
<createdBy>iwon0004</createdBy>
<createdTime>2021-04-26 07:26:55 UTC</createdTime>
<generatorID>74C9C2E2-7055-2D47-ECD0-0D6D5104D5D3</generatorID>
<ownerDesignName>assignment1b_oraclemodel</ownerDesignName>
<referredTableLongName>PET</referredTableLongName>
<deleteRule>NO ACTION</deleteRule>
<referredTableID>F0092C0C-D6B1-29CF-EBEE-656183980F84</referredTableID>
<keyObject>A6652BF5-F5C2-6DF4-F983-32E20AB87D22</keyObject>
<referredKeyID>A6652BF5-F5C2-6DF4-F983-32E20AB87D22</referredKeyID>
<mandatory>true</mandatory>
<refColNames>pet_id</refColNames>
<transferable>true</transferable>
<rely>false</rely>
<columnDependencyConstraintGenerateInDDL>true</columnDependencyConstraintGenerateInDDL>
</FKIndexAssociation>
