<?xml version = '1.0' encoding = 'UTF-8'?>
<FKIndexAssociation class="oracle.dbtools.crest.model.design.relational.FKIndexAssociation" directorySegmentName="seg_0" id="44041579-9DB0-2108-E94E-F2CD9FCE3FBB" containerWithKeyObject="46A9A7EB-9E9C-8B48-63DD-8705DD0C2BCE" localFKIndex="5A835D76-0130-AC5A-D799-2BDDB85C5583" name="VET_VISIT">
<createdBy>iwon0004</createdBy>
<createdTime>2021-04-26 07:26:55 UTC</createdTime>
<generatorID>759A9E3B-8AA6-4D4D-9C16-9440DCAE337C</generatorID>
<ownerDesignName>assignment1b_oraclemodel</ownerDesignName>
<referredTableLongName>VET</referredTableLongName>
<deleteRule>NO ACTION</deleteRule>
<referredTableID>4D38499E-8F96-BA4C-661A-4E8E99ECAF73</referredTableID>
<keyObject>D00AFDB8-246A-72A4-D23E-5E1713BF29B7</keyObject>
<referredKeyID>D00AFDB8-246A-72A4-D23E-5E1713BF29B7</referredKeyID>
<mandatory>true</mandatory>
<refColNames>vet_id</refColNames>
<transferable>true</transferable>
<rely>false</rely>
<columnDependencyConstraintGenerateInDDL>true</columnDependencyConstraintGenerateInDDL>
</FKIndexAssociation>
