<?xml version = '1.0' encoding = 'UTF-8'?>
<FKIndexAssociation class="oracle.dbtools.crest.model.design.relational.FKIndexAssociation" directorySegmentName="seg_0" id="5BCE90F4-FE89-D84F-869A-04DCC96CE92C" containerWithKeyObject="F0092C0C-D6B1-29CF-EBEE-656183980F84" localFKIndex="8C76A2A4-3C46-AF9F-0E47-CFC7A7999876" name="PET_PETTYPE">
<createdBy>iwon0004</createdBy>
<createdTime>2021-04-26 07:26:55 UTC</createdTime>
<generatorID>04391599-B9C6-2303-6BF8-125698DB6CC7</generatorID>
<ownerDesignName>assignment1b_oraclemodel</ownerDesignName>
<referredTableLongName>PET_TYPE</referredTableLongName>
<deleteRule>NO ACTION</deleteRule>
<referredTableID>8B0EF2B0-B51F-A27E-0FD1-BDC767050672</referredTableID>
<keyObject>EF409522-87E9-ACF9-A46E-DA7DAF26F975</keyObject>
<referredKeyID>EF409522-87E9-ACF9-A46E-DA7DAF26F975</referredKeyID>
<mandatory>true</mandatory>
<refColNames>pet_type_id</refColNames>
<transferable>true</transferable>
<rely>false</rely>
<columnDependencyConstraintGenerateInDDL>true</columnDependencyConstraintGenerateInDDL>
</FKIndexAssociation>
