<?xml version = '1.0' encoding = 'UTF-8'?>
<FKIndexAssociation class="oracle.dbtools.crest.model.design.relational.FKIndexAssociation" directorySegmentName="seg_0" id="5E9E7747-AEB4-0553-7EBC-78CA05B92356" containerWithKeyObject="46A9A7EB-9E9C-8B48-63DD-8705DD0C2BCE" localFKIndex="BDAE28D4-E645-C099-A04B-BB60A1CB753B" name="CLINIC_VISIT">
<createdBy>iwon0004</createdBy>
<createdTime>2021-04-26 07:26:55 UTC</createdTime>
<generatorID>F2F5924E-6A4E-3E00-D733-42661C1CD99C</generatorID>
<ownerDesignName>assignment1b_oraclemodel</ownerDesignName>
<referredTableLongName>CLINIC</referredTableLongName>
<deleteRule>NO ACTION</deleteRule>
<referredTableID>8116CEF0-BB2A-0593-89F5-3761B148FEE9</referredTableID>
<keyObject>3F96FE63-BB6F-542C-589B-88068121B96E</keyObject>
<referredKeyID>3F96FE63-BB6F-542C-589B-88068121B96E</referredKeyID>
<mandatory>true</mandatory>
<refColNames>clinic_id</refColNames>
<transferable>true</transferable>
<rely>false</rely>
<columnDependencyConstraintGenerateInDDL>true</columnDependencyConstraintGenerateInDDL>
</FKIndexAssociation>
