<?xml version = '1.0' encoding = 'UTF-8'?>
<FKIndexAssociation class="oracle.dbtools.crest.model.design.relational.FKIndexAssociation" directorySegmentName="seg_0" id="65AC049D-A70A-88F8-56B3-5A667D63D2CD" containerWithKeyObject="08085C11-BB7D-B16F-4FE0-5E49B6B6E02F" localFKIndex="D1FD7650-74FE-D570-4C27-04A0A631EB81" name="PRESCRIPTION_DRUGLINE">
<createdBy>iwon0004</createdBy>
<createdTime>2021-04-26 07:26:55 UTC</createdTime>
<generatorID>A3011408-DD46-7E2F-FCD3-10B4A8418B45</generatorID>
<ownerDesignName>assignment1b_oraclemodel</ownerDesignName>
<referredTableLongName>PRESCRIPTION</referredTableLongName>
<deleteRule>NO ACTION</deleteRule>
<referredTableID>43342A03-9E8E-F7F2-E26D-7BC8606695D2</referredTableID>
<keyObject>FF521185-2E54-FF45-AA86-C9603A628A59</keyObject>
<referredKeyID>FF521185-2E54-FF45-AA86-C9603A628A59</referredKeyID>
<mandatory>false</mandatory>
<refColNames>VISIT_visit_id,DRUG_drug_id</refColNames>
<transferable>true</transferable>
<rely>false</rely>
<columnDependencyConstraintGenerateInDDL>true</columnDependencyConstraintGenerateInDDL>
</FKIndexAssociation>
