<?xml version = '1.0' encoding = 'UTF-8'?>
<FKIndexAssociation class="oracle.dbtools.crest.model.design.relational.FKIndexAssociation" directorySegmentName="seg_0" id="8275FCB5-070F-B622-D69E-C297A62A7455" containerWithKeyObject="01F1C914-106C-74DE-AB05-9B6A11FD4FC7" localFKIndex="5D4E940C-4AEB-9D92-97A9-93ED1BE8D4F6" name="VISIT_INVOICE">
<createdBy>iwon0004</createdBy>
<createdTime>2021-04-26 07:26:55 UTC</createdTime>
<generatorID>04E6E8DD-BE7D-ED72-A1A0-38731B39E95D</generatorID>
<ownerDesignName>assignment1b_oraclemodel</ownerDesignName>
<referredTableLongName>VISIT</referredTableLongName>
<deleteRule>NO ACTION</deleteRule>
<referredTableID>46A9A7EB-9E9C-8B48-63DD-8705DD0C2BCE</referredTableID>
<keyObject>95D0153A-9275-C2A4-BEDB-5E4424CE0E13</keyObject>
<referredKeyID>95D0153A-9275-C2A4-BEDB-5E4424CE0E13</referredKeyID>
<mandatory>true</mandatory>
<refColNames>visit_id</refColNames>
<transferable>true</transferable>
<rely>false</rely>
<columnDependencyConstraintGenerateInDDL>true</columnDependencyConstraintGenerateInDDL>
</FKIndexAssociation>
