<?xml version = '1.0' encoding = 'UTF-8'?>
<FKIndexAssociation class="oracle.dbtools.crest.model.design.relational.FKIndexAssociation" directorySegmentName="seg_0" id="84F5B327-DF95-10AE-F8EB-2D749F55BC01" containerWithKeyObject="D9F87380-700C-AFCD-3BC0-59C56685BB1C" localFKIndex="53F8202D-468C-B6BD-D035-E96A8CE96CA4" name="SERVICE_SL">
<createdBy>iwon0004</createdBy>
<createdTime>2021-04-26 07:26:55 UTC</createdTime>
<generatorID>DF4CC561-5000-54F5-A929-BEAD6A52F316</generatorID>
<ownerDesignName>assignment1b_oraclemodel</ownerDesignName>
<referredTableLongName>SERVICE</referredTableLongName>
<deleteRule>NO ACTION</deleteRule>
<referredTableID>5D06A42C-353C-ACA2-2E42-99779725A6EB</referredTableID>
<keyObject>6A3FAB3C-6498-4A8F-1D35-F2437B3B037C</keyObject>
<referredKeyID>6A3FAB3C-6498-4A8F-1D35-F2437B3B037C</referredKeyID>
<mandatory>true</mandatory>
<refColNames>service_id</refColNames>
<transferable>true</transferable>
<rely>false</rely>
<columnDependencyConstraintGenerateInDDL>true</columnDependencyConstraintGenerateInDDL>
</FKIndexAssociation>
