<?xml version = '1.0' encoding = 'UTF-8'?>
<FKIndexAssociation class="oracle.dbtools.crest.model.design.relational.FKIndexAssociation" directorySegmentName="seg_0" id="930E7EC4-878F-4DC9-26F6-42F8B023231C" containerWithKeyObject="6B4BCB8A-2ED1-53CE-DB53-26A61D3C78EB" localFKIndex="A7A827B9-61B8-0545-CDD7-C29E742B8668" name="OWNER_PREFERREDVET">
<createdBy>iwon0004</createdBy>
<createdTime>2021-04-26 07:26:55 UTC</createdTime>
<generatorID>9509B2BB-F759-64A5-345F-3C5FB5AC932C</generatorID>
<ownerDesignName>assignment1b_oraclemodel</ownerDesignName>
<referredTableLongName>VET</referredTableLongName>
<deleteRule>NO ACTION</deleteRule>
<referredTableID>4D38499E-8F96-BA4C-661A-4E8E99ECAF73</referredTableID>
<keyObject>D00AFDB8-246A-72A4-D23E-5E1713BF29B7</keyObject>
<referredKeyID>D00AFDB8-246A-72A4-D23E-5E1713BF29B7</referredKeyID>
<mandatory>true</mandatory>
<refColNames>vet_id</refColNames>
<transferable>true</transferable>
<rely>false</rely>
<columnDependencyConstraintGenerateInDDL>true</columnDependencyConstraintGenerateInDDL>
</FKIndexAssociation>
