<?xml version = '1.0' encoding = 'UTF-8'?>
<FKIndexAssociation class="oracle.dbtools.crest.model.design.relational.FKIndexAssociation" directorySegmentName="seg_0" id="A82C28E2-5E1C-BF3E-C504-C98B93E3694F" containerWithKeyObject="4D38499E-8F96-BA4C-661A-4E8E99ECAF73" localFKIndex="0F7A4CF9-0FCC-B3BD-6F29-2268B2AF5B8D" name="VET_SPECIALISATION">
<createdBy>iwon0004</createdBy>
<createdTime>2021-04-26 07:26:55 UTC</createdTime>
<generatorID>55CAE350-171F-3C36-40D3-DDE8EA7BB85C</generatorID>
<ownerDesignName>assignment1b_oraclemodel</ownerDesignName>
<referredTableLongName>SPECIALISATION</referredTableLongName>
<deleteRule>NO ACTION</deleteRule>
<referredTableID>FE1912A2-2A2D-029C-AB01-8A9C007E89FA</referredTableID>
<keyObject>649726EE-0083-B4A7-96B6-1DA583533A09</keyObject>
<referredKeyID>649726EE-0083-B4A7-96B6-1DA583533A09</referredKeyID>
<mandatory>false</mandatory>
<refColNames>specialisation_id</refColNames>
<transferable>true</transferable>
<rely>false</rely>
<columnDependencyConstraintGenerateInDDL>true</columnDependencyConstraintGenerateInDDL>
</FKIndexAssociation>
