<?xml version = '1.0' encoding = 'UTF-8'?>
<FKIndexAssociation class="oracle.dbtools.crest.model.design.relational.FKIndexAssociation" directorySegmentName="seg_0" id="AF93344E-3C46-CC73-B54D-D125D5BE3D14" containerWithKeyObject="F0092C0C-D6B1-29CF-EBEE-656183980F84" localFKIndex="50E78A0C-2BB5-6B61-9ED8-BC94EC56B0CB" name="OWNER_PET">
<createdBy>iwon0004</createdBy>
<createdTime>2021-04-26 07:26:55 UTC</createdTime>
<generatorID>355C57EF-22AB-C268-B6DC-8F2EFE10E828</generatorID>
<ownerDesignName>assignment1b_oraclemodel</ownerDesignName>
<referredTableLongName>OWNER</referredTableLongName>
<deleteRule>NO ACTION</deleteRule>
<referredTableID>6B4BCB8A-2ED1-53CE-DB53-26A61D3C78EB</referredTableID>
<keyObject>E3921C32-15A5-C55B-A964-8F80FDE94F9A</keyObject>
<referredKeyID>E3921C32-15A5-C55B-A964-8F80FDE94F9A</referredKeyID>
<mandatory>true</mandatory>
<refColNames>owner_id</refColNames>
<transferable>true</transferable>
<rely>false</rely>
<columnDependencyConstraintGenerateInDDL>true</columnDependencyConstraintGenerateInDDL>
</FKIndexAssociation>
