<?xml version = '1.0' encoding = 'UTF-8'?>
<FKIndexAssociation class="oracle.dbtools.crest.model.design.relational.FKIndexAssociation" directorySegmentName="seg_0" id="C4863D0E-C727-6073-58C7-AC8A642D9B9D" containerWithKeyObject="46A9A7EB-9E9C-8B48-63DD-8705DD0C2BCE" localFKIndex="2EF333FC-CD76-8EF3-805B-B64D48F0B2C2" name="FOLLOWUP_VISIT">
<createdBy>iwon0004</createdBy>
<createdTime>2021-04-26 07:26:55 UTC</createdTime>
<generatorID>B0123395-3F53-6759-FC2E-B68D83AFEF89</generatorID>
<ownerDesignName>assignment1b_oraclemodel</ownerDesignName>
<referredTableLongName>VISIT</referredTableLongName>
<deleteRule>NO ACTION</deleteRule>
<referredTableID>46A9A7EB-9E9C-8B48-63DD-8705DD0C2BCE</referredTableID>
<keyObject>95D0153A-9275-C2A4-BEDB-5E4424CE0E13</keyObject>
<referredKeyID>95D0153A-9275-C2A4-BEDB-5E4424CE0E13</referredKeyID>
<mandatory>false</mandatory>
<refColNames>visit_id</refColNames>
<transferable>true</transferable>
<rely>false</rely>
<columnDependencyConstraintGenerateInDDL>true</columnDependencyConstraintGenerateInDDL>
</FKIndexAssociation>
