<?xml version = '1.0' encoding = 'UTF-8'?>
<FKIndexAssociation class="oracle.dbtools.crest.model.design.relational.FKIndexAssociation" directorySegmentName="seg_0" id="CDFED964-64D5-A61A-9C50-DA7EE9F5E20C" containerWithKeyObject="D9F87380-700C-AFCD-3BC0-59C56685BB1C" localFKIndex="4C742466-8EBF-48E2-5BB1-78C08C01153F" name="INVOICE_SERVICELINE">
<createdBy>iwon0004</createdBy>
<createdTime>2021-04-26 07:26:55 UTC</createdTime>
<generatorID>4887509B-3351-45DF-4C5C-F999D0C4FE27</generatorID>
<ownerDesignName>assignment1b_oraclemodel</ownerDesignName>
<referredTableLongName>INVOICE</referredTableLongName>
<deleteRule>NO ACTION</deleteRule>
<referredTableID>01F1C914-106C-74DE-AB05-9B6A11FD4FC7</referredTableID>
<keyObject>6F20C0B9-DA5A-BD00-3F7D-6321A0741036</keyObject>
<referredKeyID>6F20C0B9-DA5A-BD00-3F7D-6321A0741036</referredKeyID>
<mandatory>true</mandatory>
<refColNames>invoice_id</refColNames>
<transferable>true</transferable>
<rely>false</rely>
<columnDependencyConstraintGenerateInDDL>true</columnDependencyConstraintGenerateInDDL>
</FKIndexAssociation>
