<?xml version = '1.0' encoding = 'UTF-8'?>
<Diagram class="oracle.dbtools.crest.swingui.relational.DPVRelational" name="Relational_1" id="7AECAE11-8CC5-DCAC-33E8-2081FF949395">
<createdBy>iwon0004</createdBy>
<modifiedBy>iwon0004</modifiedBy>
<createdTime>2021-04-26 07:26:05 UTC</createdTime>
<autoRoute>false</autoRoute>
<boxInbox>true</boxInbox>
<showLegend>false</showLegend>
<showLabels>false</showLabels>
<showRelAttributes>false</showRelAttributes>
<gridEnabled>false</gridEnabled>
<showGrid>false</showGrid>
<diagramColor>-1</diagramColor>
<display>false</display>
<notation>1</notation>
<objectViews>
<OView class="oracle.dbtools.crest.swingui.relational.TVTable" oid="01F1C914-106C-74DE-AB05-9B6A11FD4FC7" otype="Table" vid="67CE4D69-A5ED-F90C-2D37-35E5DB645EA3">
<hideElementsInCurrentOnly>false</hideElementsInCurrentOnly>
<bounds x="1193" y="585" width="170" height="110"/>
</OView>
<OView class="oracle.dbtools.crest.swingui.relational.TVTable" oid="08085C11-BB7D-B16F-4FE0-5E49B6B6E02F" otype="Table" vid="1ACD0232-A3EA-1706-C28E-D586C36DE450">
<hideElementsInCurrentOnly>false</hideElementsInCurrentOnly>
<bounds x="1193" y="409" width="170" height="110"/>
</OView>
<OView class="oracle.dbtools.crest.swingui.relational.TVTable" oid="43342A03-9E8E-F7F2-E26D-7BC8606695D2" otype="Table" vid="2C2706C3-E0B0-DD7B-C994-921F425C7DB8">
<hideElementsInCurrentOnly>false</hideElementsInCurrentOnly>
<bounds x="877" y="407" width="170" height="110"/>
</OView>
<OView class="oracle.dbtools.crest.swingui.relational.TVTable" oid="46A9A7EB-9E9C-8B48-63DD-8705DD0C2BCE" otype="Table" vid="65B84F46-2568-BE94-63DF-45ACCDBE5F55">
<hideElementsInCurrentOnly>false</hideElementsInCurrentOnly>
<bounds x="487" y="471" width="170" height="136"/>
</OView>
<OView class="oracle.dbtools.crest.swingui.relational.TVTable" oid="4D38499E-8F96-BA4C-661A-4E8E99ECAF73" otype="Table" vid="D56EFDBA-7CB6-B044-04A1-F5518AAC54B2">
<hideElementsInCurrentOnly>false</hideElementsInCurrentOnly>
<bounds x="358" y="272" width="170" height="142"/>
</OView>
<OView class="oracle.dbtools.crest.swingui.relational.TVTable" oid="5D06A42C-353C-ACA2-2E42-99779725A6EB" otype="Table" vid="A6A7A7C5-C263-366F-79D4-10CF453B5781">
<hideElementsInCurrentOnly>false</hideElementsInCurrentOnly>
<bounds x="1497" y="780" width="170" height="110"/>
</OView>
<OView class="oracle.dbtools.crest.swingui.relational.TVTable" oid="60B7EFD0-97BE-6C38-8250-24DE9EE4D29D" otype="Table" vid="41888F35-7F26-977C-951E-2B0310A7F9E1">
<hideElementsInCurrentOnly>false</hideElementsInCurrentOnly>
<bounds x="877" y="208" width="170" height="110"/>
</OView>
<OView class="oracle.dbtools.crest.swingui.relational.TVTable" oid="6B4BCB8A-2ED1-53CE-DB53-26A61D3C78EB" otype="Table" vid="F80F86C7-5F24-EE76-EE3D-034997D7BFA5">
<hideElementsInCurrentOnly>false</hideElementsInCurrentOnly>
<bounds x="110" y="272" width="170" height="124"/>
</OView>
<OView class="oracle.dbtools.crest.swingui.relational.TVTable" oid="8116CEF0-BB2A-0593-89F5-3761B148FEE9" otype="Table" vid="88B64AF2-E9F3-E78B-67F2-56F015260B2B">
<hideElementsInCurrentOnly>false</hideElementsInCurrentOnly>
<bounds x="620" y="278" width="170" height="110"/>
</OView>
<OView class="oracle.dbtools.crest.swingui.relational.TVTable" oid="8B0EF2B0-B51F-A27E-0FD1-BDC767050672" otype="Table" vid="7BEEF419-548B-86DD-0518-E24173FC8705">
<hideElementsInCurrentOnly>false</hideElementsInCurrentOnly>
<bounds x="110" y="668" width="170" height="110"/>
</OView>
<OView class="oracle.dbtools.crest.swingui.relational.TVTable" oid="D9F87380-700C-AFCD-3BC0-59C56685BB1C" otype="Table" vid="D899BB27-0216-1BD3-C19B-B0545E62AAE4">
<hideElementsInCurrentOnly>false</hideElementsInCurrentOnly>
<bounds x="1193" y="781" width="170" height="110"/>
</OView>
<OView class="oracle.dbtools.crest.swingui.relational.TVTable" oid="F0092C0C-D6B1-29CF-EBEE-656183980F84" otype="Table" vid="BDF4A970-34C9-1A07-4983-923FEDCC4F1A">
<hideElementsInCurrentOnly>false</hideElementsInCurrentOnly>
<bounds x="109" y="472" width="170" height="122"/>
</OView>
<OView class="oracle.dbtools.crest.swingui.relational.TVTable" oid="FE1912A2-2A2D-029C-AB01-8A9C007E89FA" otype="Table" vid="E8B52A64-CB5A-A6D7-B7B4-94AB61B59BE9">
<hideElementsInCurrentOnly>false</hideElementsInCurrentOnly>
<bounds x="358" y="73" width="170" height="110"/>
</OView>
</objectViews>
<connectors>
<Connector class="oracle.dbtools.crest.swingui.relational.TVFKRelation" oid="07AF9EAF-2C04-C612-1823-449B299BB5A9" otype="FKIndexAssociation" vid_source="41888F35-7F26-977C-951E-2B0310A7F9E1" vid_target="2C2706C3-E0B0-DD7B-C994-921F425C7DB8">
<hideElementsInCurrentOnly>false</hideElementsInCurrentOnly>
<backgroundColor>-16777216</backgroundColor>
<lineWidth>1</lineWidth>
<points>
<point x="977" y="318"/>
<point x="977" y="407"/>
</points>
</Connector>
<Connector class="oracle.dbtools.crest.swingui.relational.TVFKRelation" oid="13170BF6-D982-1C48-684F-2EC5FA886299" otype="FKIndexAssociation" vid_source="88B64AF2-E9F3-E78B-67F2-56F015260B2B" vid_target="D56EFDBA-7CB6-B044-04A1-F5518AAC54B2">
<hideElementsInCurrentOnly>false</hideElementsInCurrentOnly>
<backgroundColor>-16777216</backgroundColor>
<lineWidth>1</lineWidth>
<points>
<point x="620" y="333"/>
<point x="528" y="333"/>
</points>
</Connector>
<Connector class="oracle.dbtools.crest.swingui.relational.TVFKRelation" oid="1B8B0C28-B478-E658-DCAD-787F9F215AED" otype="FKIndexAssociation" vid_source="67CE4D69-A5ED-F90C-2D37-35E5DB645EA3" vid_target="1ACD0232-A3EA-1706-C28E-D586C36DE450">
<hideElementsInCurrentOnly>false</hideElementsInCurrentOnly>
<backgroundColor>-16777216</backgroundColor>
<lineWidth>1</lineWidth>
<points>
<point x="1278" y="585"/>
<point x="1278" y="519"/>
</points>
</Connector>
<Connector class="oracle.dbtools.crest.swingui.relational.TVFKRelation" oid="2AAFB331-9F9F-63D3-0FCD-5AB396A18988" otype="FKIndexAssociation" vid_source="65B84F46-2568-BE94-63DF-45ACCDBE5F55" vid_target="2C2706C3-E0B0-DD7B-C994-921F425C7DB8">
<hideElementsInCurrentOnly>false</hideElementsInCurrentOnly>
<backgroundColor>-16777216</backgroundColor>
<lineWidth>1</lineWidth>
<points>
<point x="657" y="479"/>
<point x="877" y="479"/>
</points>
</Connector>
<Connector class="oracle.dbtools.crest.swingui.relational.TVFKRelation" oid="3D2995B7-B441-D4D2-110C-755B6D10B26C" otype="FKIndexAssociation" vid_source="BDF4A970-34C9-1A07-4983-923FEDCC4F1A" vid_target="65B84F46-2568-BE94-63DF-45ACCDBE5F55">
<hideElementsInCurrentOnly>false</hideElementsInCurrentOnly>
<backgroundColor>-16777216</backgroundColor>
<lineWidth>1</lineWidth>
<points>
<point x="279" y="533"/>
<point x="487" y="533"/>
</points>
</Connector>
<Connector class="oracle.dbtools.crest.swingui.relational.TVFKRelation" oid="44041579-9DB0-2108-E94E-F2CD9FCE3FBB" otype="FKIndexAssociation" vid_source="D56EFDBA-7CB6-B044-04A1-F5518AAC54B2" vid_target="65B84F46-2568-BE94-63DF-45ACCDBE5F55">
<hideElementsInCurrentOnly>false</hideElementsInCurrentOnly>
<backgroundColor>-16777216</backgroundColor>
<lineWidth>1</lineWidth>
<points>
<point x="507" y="414"/>
<point x="507" y="471"/>
</points>
</Connector>
<Connector class="oracle.dbtools.crest.swingui.relational.TVFKRelation" oid="5BCE90F4-FE89-D84F-869A-04DCC96CE92C" otype="FKIndexAssociation" vid_source="7BEEF419-548B-86DD-0518-E24173FC8705" vid_target="BDF4A970-34C9-1A07-4983-923FEDCC4F1A">
<hideElementsInCurrentOnly>false</hideElementsInCurrentOnly>
<backgroundColor>-16777216</backgroundColor>
<lineWidth>1</lineWidth>
<points>
<point x="194" y="668"/>
<point x="194" y="594"/>
</points>
</Connector>
<Connector class="oracle.dbtools.crest.swingui.relational.TVFKRelation" oid="5E9E7747-AEB4-0553-7EBC-78CA05B92356" otype="FKIndexAssociation" vid_source="88B64AF2-E9F3-E78B-67F2-56F015260B2B" vid_target="65B84F46-2568-BE94-63DF-45ACCDBE5F55">
<hideElementsInCurrentOnly>false</hideElementsInCurrentOnly>
<backgroundColor>-16777216</backgroundColor>
<lineWidth>1</lineWidth>
<points>
<point x="638" y="388"/>
<point x="638" y="471"/>
</points>
</Connector>
<Connector class="oracle.dbtools.crest.swingui.relational.TVFKRelation" oid="65AC049D-A70A-88F8-56B3-5A667D63D2CD" otype="FKIndexAssociation" vid_source="2C2706C3-E0B0-DD7B-C994-921F425C7DB8" vid_target="1ACD0232-A3EA-1706-C28E-D586C36DE450">
<hideElementsInCurrentOnly>false</hideElementsInCurrentOnly>
<backgroundColor>-16777216</backgroundColor>
<lineWidth>1</lineWidth>
<points>
<point x="1047" y="463"/>
<point x="1193" y="463"/>
</points>
</Connector>
<Connector class="oracle.dbtools.crest.swingui.relational.TVFKRelation" oid="8275FCB5-070F-B622-D69E-C297A62A7455" otype="FKIndexAssociation" vid_source="65B84F46-2568-BE94-63DF-45ACCDBE5F55" vid_target="67CE4D69-A5ED-F90C-2D37-35E5DB645EA3">
<hideElementsInCurrentOnly>false</hideElementsInCurrentOnly>
<backgroundColor>-16777216</backgroundColor>
<lineWidth>1</lineWidth>
<points>
<point x="657" y="596"/>
<point x="1193" y="596"/>
</points>
</Connector>
<Connector class="oracle.dbtools.crest.swingui.relational.TVFKRelation" oid="84F5B327-DF95-10AE-F8EB-2D749F55BC01" otype="FKIndexAssociation" vid_source="A6A7A7C5-C263-366F-79D4-10CF453B5781" vid_target="D899BB27-0216-1BD3-C19B-B0545E62AAE4">
<hideElementsInCurrentOnly>false</hideElementsInCurrentOnly>
<backgroundColor>-16777216</backgroundColor>
<lineWidth>1</lineWidth>
<points>
<point x="1497" y="835"/>
<point x="1363" y="835"/>
</points>
</Connector>
<Connector class="oracle.dbtools.crest.swingui.relational.TVFKRelation" oid="930E7EC4-878F-4DC9-26F6-42F8B023231C" otype="FKIndexAssociation" vid_source="D56EFDBA-7CB6-B044-04A1-F5518AAC54B2" vid_target="F80F86C7-5F24-EE76-EE3D-034997D7BFA5">
<hideElementsInCurrentOnly>false</hideElementsInCurrentOnly>
<backgroundColor>-16777216</backgroundColor>
<lineWidth>1</lineWidth>
<points>
<point x="358" y="333"/>
<point x="280" y="334"/>
</points>
</Connector>
<Connector class="oracle.dbtools.crest.swingui.relational.TVFKRelation" oid="A82C28E2-5E1C-BF3E-C504-C98B93E3694F" otype="FKIndexAssociation" vid_source="E8B52A64-CB5A-A6D7-B7B4-94AB61B59BE9" vid_target="D56EFDBA-7CB6-B044-04A1-F5518AAC54B2">
<hideElementsInCurrentOnly>false</hideElementsInCurrentOnly>
<backgroundColor>-16777216</backgroundColor>
<lineWidth>1</lineWidth>
<points>
<point x="443" y="183"/>
<point x="443" y="272"/>
</points>
</Connector>
<Connector class="oracle.dbtools.crest.swingui.relational.TVFKRelation" oid="AF93344E-3C46-CC73-B54D-D125D5BE3D14" otype="FKIndexAssociation" vid_source="F80F86C7-5F24-EE76-EE3D-034997D7BFA5" vid_target="BDF4A970-34C9-1A07-4983-923FEDCC4F1A">
<hideElementsInCurrentOnly>false</hideElementsInCurrentOnly>
<backgroundColor>-16777216</backgroundColor>
<lineWidth>1</lineWidth>
<points>
<point x="194" y="396"/>
<point x="194" y="472"/>
</points>
</Connector>
<Connector class="oracle.dbtools.crest.swingui.relational.TVFKRelation" oid="C4863D0E-C727-6073-58C7-AC8A642D9B9D" otype="FKIndexAssociation" vid_source="65B84F46-2568-BE94-63DF-45ACCDBE5F55" vid_target="65B84F46-2568-BE94-63DF-45ACCDBE5F55">
<hideElementsInCurrentOnly>false</hideElementsInCurrentOnly>
<backgroundColor>-16777216</backgroundColor>
<lineWidth>1</lineWidth>
<points>
<point x="649" y="607"/>
<point x="649" y="649"/>
<point x="580" y="649"/>
<point x="502" y="649"/>
<point x="502" y="607"/>
</points>
</Connector>
<Connector class="oracle.dbtools.crest.swingui.relational.TVFKRelation" oid="CDFED964-64D5-A61A-9C50-DA7EE9F5E20C" otype="FKIndexAssociation" vid_source="67CE4D69-A5ED-F90C-2D37-35E5DB645EA3" vid_target="D899BB27-0216-1BD3-C19B-B0545E62AAE4">
<hideElementsInCurrentOnly>false</hideElementsInCurrentOnly>
<backgroundColor>-16777216</backgroundColor>
<lineWidth>1</lineWidth>
<points>
<point x="1278" y="695"/>
<point x="1278" y="781"/>
</points>
</Connector>
</connectors>
</Diagram>
