<?xml version = '1.0' encoding = 'UTF-8'?>
<Table class="oracle.dbtools.crest.model.design.relational.Table" directorySegmentName="seg_0" id="01F1C914-106C-74DE-AB05-9B6A11FD4FC7" name="INVOICE">
<createdBy>iwon0004</createdBy>
<createdTime>2021-04-26 07:26:55 UTC</createdTime>
<generatorID>F3835F13-2A10-4A59-C013-C58181F43F66</generatorID>
<ownerDesignName>assignment1b_oraclemodel</ownerDesignName>
<allowColumnReorder>false</allowColumnReorder>
<existDependencyGenerateInDDl>true</existDependencyGenerateInDDl>
<parsed>true</parsed>
<columns itemClass="oracle.dbtools.crest.model.design.relational.Column">
<Column name="invoice_id" id="96C9B76C-4897-9522-957B-6462E7280246">
<createdBy>iwon0004</createdBy>
<createdTime>2021-04-26 07:26:55 UTC</createdTime>
<commentInRDBMS><![CDATA[Invoice's ID]]></commentInRDBMS>
<generatorID>AAE55B01-C7D1-A788-63FF-85DFDAC3F883</generatorID>
<ownerDesignName>assignment1b_oraclemodel</ownerDesignName>
<useDomainConstraints>false</useDomainConstraints>
<use>1</use>
<logicalDatatype>LOGDT019</logicalDatatype>
<dataTypePrecision>7</dataTypePrecision>
<ownDataTypeParameters>,7,</ownDataTypeParameters>
<autoIncrementCycle>false</autoIncrementCycle>
</Column>
<Column name="VISIT_visit_id" id="07718942-4081-11A0-879E-0593E7CCC020">
<createdBy>iwon0004</createdBy>
<createdTime>2021-04-26 07:26:55 UTC</createdTime>
<commentInRDBMS><![CDATA[Visit ID]]></commentInRDBMS>
<generatorID>E4F9FA78-87FE-DC8D-4F0E-691877BA72FA</generatorID>
<ownerDesignName>assignment1b_oraclemodel</ownerDesignName>
<useDomainConstraints>false</useDomainConstraints>
<use>1</use>
<logicalDatatype>LOGDT019</logicalDatatype>
<dataTypePrecision>7</dataTypePrecision>
<ownDataTypeParameters>,,</ownDataTypeParameters>
<previousColumn>false</previousColumn>
<autoIncrementCycle>false</autoIncrementCycle>
<associations>
<colAssociation fkAssociation="8275FCB5-070F-B622-D69E-C297A62A7455" referredColumn="6F3FD59F-9436-45CA-30EB-B03162B204FD"/>
</associations>
</Column>
<Column name="invoice_cost" id="944DA4C9-6C12-E4C3-AAD6-8E28B0B1CB0E">
<createdBy>iwon0004</createdBy>
<createdTime>2021-04-26 07:26:55 UTC</createdTime>
<commentInRDBMS><![CDATA[Total cost of invoice]]></commentInRDBMS>
<generatorID>B7DD299E-6E22-878D-9DAD-4ACE8C8288D8</generatorID>
<ownerDesignName>assignment1b_oraclemodel</ownerDesignName>
<useDomainConstraints>false</useDomainConstraints>
<use>1</use>
<logicalDatatype>LOGDT019</logicalDatatype>
<dataTypePrecision>6</dataTypePrecision>
<dataTypeScale>2</dataTypeScale>
<ownDataTypeParameters>,6,2</ownDataTypeParameters>
<autoIncrementCycle>false</autoIncrementCycle>
</Column>
<Column name="invoice_payment_type" id="9F5F9759-7AB3-0404-DC28-3932A62AA6D0">
<createdBy>iwon0004</createdBy>
<createdTime>2021-04-26 07:26:55 UTC</createdTime>
<commentInRDBMS><![CDATA[How payment was made, C = Cash | E = EFT]]></commentInRDBMS>
<generatorID>E22FED37-9B1D-164A-C6E9-BFC831934D16</generatorID>
<ownerDesignName>assignment1b_oraclemodel</ownerDesignName>
<useDomainConstraints>false</useDomainConstraints>
<use>1</use>
<logicalDatatype>LOGDT025</logicalDatatype>
<dataTypeSize>1</dataTypeSize>
<listOfValues>
<valueDef value="C" description="Cash"/>
<valueDef value="E" description="EFT"/>
</listOfValues>
<ownDataTypeParameters>1,,</ownDataTypeParameters>
<autoIncrementCycle>false</autoIncrementCycle>
</Column>
</columns>
<indexes itemClass="oracle.dbtools.crest.model.design.relational.Index">
<ind_PK_UK id="6F20C0B9-DA5A-BD00-3F7D-6321A0741036" name="INVOICE_PK">
<createdBy>iwon0004</createdBy>
<createdTime>2021-04-26 07:26:55 UTC</createdTime>
<generatorID>7A8F0030-17D7-8A70-3FC9-DB779B95456C</generatorID>
<ownerDesignName>assignment1b_oraclemodel</ownerDesignName>
<pk>true</pk>
<indexState>Primary Constraint</indexState>
<isSurrogateKey>false</isSurrogateKey>
<indexColumnUsage>
<colUsage columnID="96C9B76C-4897-9522-957B-6462E7280246"/>
</indexColumnUsage>
</ind_PK_UK>
<ind_PK_UK id="C4F29A57-B08F-5CDC-D978-ACDB6129D5EB" name="INVOICE_NK">
<createdBy>iwon0004</createdBy>
<createdTime>2021-04-26 07:26:55 UTC</createdTime>
<generatorID>C4E75C2D-D08C-534F-CE23-3855878CC39C</generatorID>
<ownerDesignName>assignment1b_oraclemodel</ownerDesignName>
<indexState>Unique Constraint</indexState>
<isSurrogateKey>false</isSurrogateKey>
<indexColumnUsage>
<colUsage columnID="07718942-4081-11A0-879E-0593E7CCC020"/>
</indexColumnUsage>
</ind_PK_UK>
<ind_PK_UK id="5D4E940C-4AEB-9D92-97A9-93ED1BE8D4F6" name="VISIT_INVOICE">
<createdBy>iwon0004</createdBy>
<createdTime>2021-04-26 07:26:55 UTC</createdTime>
<generatorID>04E6E8DD-BE7D-ED72-A1A0-38731B39E95D</generatorID>
<ownerDesignName>assignment1b_oraclemodel</ownerDesignName>
<indexState>Foreign Key</indexState>
<isSurrogateKey>false</isSurrogateKey>
<indexColumnUsage>
<colUsage columnID="07718942-4081-11A0-879E-0593E7CCC020"/>
</indexColumnUsage>
</ind_PK_UK>
</indexes>
</Table>
