<?xml version = '1.0' encoding = 'UTF-8'?>
<Table class="oracle.dbtools.crest.model.design.relational.Table" directorySegmentName="seg_0" id="08085C11-BB7D-B16F-4FE0-5E49B6B6E02F" name="DRUG_LINE">
<createdBy>iwon0004</createdBy>
<createdTime>2021-04-26 07:26:55 UTC</createdTime>
<generatorID>7299C1C9-5AB9-B1AA-DB1B-1392B152CBDB</generatorID>
<ownerDesignName>assignment1b_oraclemodel</ownerDesignName>
<allowColumnReorder>false</allowColumnReorder>
<existDependencyGenerateInDDl>true</existDependencyGenerateInDDl>
<parsed>true</parsed>
<columns itemClass="oracle.dbtools.crest.model.design.relational.Column">
<Column name="INVOICE_invoice_id" id="233250A6-D411-6B8D-1560-D286B03F454B">
<createdBy>iwon0004</createdBy>
<createdTime>2021-04-26 07:26:55 UTC</createdTime>
<commentInRDBMS><![CDATA[Invoice's ID]]></commentInRDBMS>
<generatorID>FF8EA6A9-0F4D-2C54-BCE6-29ACD4260ADB</generatorID>
<ownerDesignName>assignment1b_oraclemodel</ownerDesignName>
<useDomainConstraints>false</useDomainConstraints>
<use>1</use>
<logicalDatatype>LOGDT019</logicalDatatype>
<dataTypePrecision>7</dataTypePrecision>
<ownDataTypeParameters>,,</ownDataTypeParameters>
<previousColumn>false</previousColumn>
<autoIncrementCycle>false</autoIncrementCycle>
<associations>
<colAssociation fkAssociation="1B8B0C28-B478-E658-DCAD-787F9F215AED" referredColumn="96C9B76C-4897-9522-957B-6462E7280246"/>
</associations>
</Column>
<Column name="PRESCRIPTION_DRUG_drug_id" id="A0FB32B8-4311-5C62-A5BE-741976577B53">
<createdBy>iwon0004</createdBy>
<createdTime>2021-04-26 07:26:55 UTC</createdTime>
<commentInRDBMS><![CDATA[Drug's ID]]></commentInRDBMS>
<generatorID>2B6C1963-C920-D7F2-C72C-11588576CB36</generatorID>
<ownerDesignName>assignment1b_oraclemodel</ownerDesignName>
<useDomainConstraints>false</useDomainConstraints>
<use>1</use>
<logicalDatatype>LOGDT019</logicalDatatype>
<dataTypePrecision>7</dataTypePrecision>
<ownDataTypeParameters>,,</ownDataTypeParameters>
<previousColumn>false</previousColumn>
<autoIncrementCycle>false</autoIncrementCycle>
<associations>
<colAssociation fkAssociation="65AC049D-A70A-88F8-56B3-5A667D63D2CD" referredColumn="BCF7226B-7985-8CA9-A17F-7CF9189E2975"/>
</associations>
</Column>
<Column name="PRESCRIPTION_visit_id" id="0C5F9A90-A453-B35D-19A4-B8BBFC45CA9D">
<createdBy>iwon0004</createdBy>
<createdTime>2021-04-26 07:26:55 UTC</createdTime>
<commentInRDBMS><![CDATA[Visit ID]]></commentInRDBMS>
<generatorID>B3391B0F-EE1C-B5A2-7606-672ADE0CF93C</generatorID>
<ownerDesignName>assignment1b_oraclemodel</ownerDesignName>
<nullsAllowed>true</nullsAllowed>
<useDomainConstraints>false</useDomainConstraints>
<use>1</use>
<logicalDatatype>LOGDT019</logicalDatatype>
<dataTypePrecision>7</dataTypePrecision>
<ownDataTypeParameters>,,</ownDataTypeParameters>
<previousColumn>false</previousColumn>
<autoIncrementCycle>false</autoIncrementCycle>
<associations>
<colAssociation fkAssociation="65AC049D-A70A-88F8-56B3-5A667D63D2CD" referredColumn="6964CD62-C603-ED66-09A9-7A82D535D451"/>
</associations>
</Column>
<Column name="dl_qty" id="B4264E58-9E9F-0F3F-0A14-137195F1480D">
<createdBy>iwon0004</createdBy>
<createdTime>2021-04-26 07:26:55 UTC</createdTime>
<commentInRDBMS><![CDATA[Drug line quantity]]></commentInRDBMS>
<generatorID>1BAED47B-CA3B-694C-726C-01036A6571D8</generatorID>
<ownerDesignName>assignment1b_oraclemodel</ownerDesignName>
<useDomainConstraints>false</useDomainConstraints>
<use>1</use>
<logicalDatatype>LOGDT019</logicalDatatype>
<dataTypePrecision>4</dataTypePrecision>
<ownDataTypeParameters>,4,</ownDataTypeParameters>
<autoIncrementCycle>false</autoIncrementCycle>
</Column>
<Column name="dl_cost_change" id="A2164010-A53A-405F-F618-2D3F195361BC">
<createdBy>iwon0004</createdBy>
<createdTime>2021-04-26 07:26:55 UTC</createdTime>
<commentInRDBMS><![CDATA[Drug line quantity]]></commentInRDBMS>
<generatorID>DD1D8E15-F045-4587-8A46-F8944143B152</generatorID>
<ownerDesignName>assignment1b_oraclemodel</ownerDesignName>
<useDomainConstraints>false</useDomainConstraints>
<use>1</use>
<logicalDatatype>LOGDT019</logicalDatatype>
<dataTypePrecision>6</dataTypePrecision>
<dataTypeScale>2</dataTypeScale>
<ownDataTypeParameters>,6,2</ownDataTypeParameters>
<autoIncrementCycle>false</autoIncrementCycle>
</Column>
<Column name="dl_cost" id="63055724-1509-FB59-31A9-3A94C1167F01">
<createdBy>iwon0004</createdBy>
<createdTime>2021-04-26 07:26:55 UTC</createdTime>
<commentInRDBMS><![CDATA[Drug line cost]]></commentInRDBMS>
<generatorID>74B3B27B-CEF1-FCD2-4309-4B7EBCA30940</generatorID>
<ownerDesignName>assignment1b_oraclemodel</ownerDesignName>
<useDomainConstraints>false</useDomainConstraints>
<use>1</use>
<logicalDatatype>LOGDT019</logicalDatatype>
<dataTypePrecision>6</dataTypePrecision>
<dataTypeScale>2</dataTypeScale>
<ownDataTypeParameters>,6,2</ownDataTypeParameters>
<autoIncrementCycle>false</autoIncrementCycle>
</Column>
</columns>
<indexes itemClass="oracle.dbtools.crest.model.design.relational.Index">
<ind_PK_UK id="0AF5D600-95A2-1C00-C60E-833D98742E83" name="DRUG_LINE_PK">
<createdBy>iwon0004</createdBy>
<createdTime>2021-04-26 07:26:55 UTC</createdTime>
<generatorID>C5DE1359-EC53-3193-DADC-77BA86012D7C</generatorID>
<ownerDesignName>assignment1b_oraclemodel</ownerDesignName>
<pk>true</pk>
<indexState>Primary Constraint</indexState>
<isSurrogateKey>false</isSurrogateKey>
<indexColumnUsage>
<colUsage columnID="233250A6-D411-6B8D-1560-D286B03F454B"/>
<colUsage columnID="A0FB32B8-4311-5C62-A5BE-741976577B53"/>
</indexColumnUsage>
</ind_PK_UK>
<ind_PK_UK id="965F466A-243B-8F03-B203-71C2A16FC4E4" name="DRUG_LINE__IDX">
<createdBy>iwon0004</createdBy>
<createdTime>2021-04-26 07:26:55 UTC</createdTime>
<ownerDesignName>assignment1b_oraclemodel</ownerDesignName>
<indexState>Unique Plain Index</indexState>
<isSurrogateKey>false</isSurrogateKey>
<relationGeneratorID>A3011408-DD46-7E2F-FCD3-10B4A8418B45</relationGeneratorID>
<indexColumnUsage>
<colUsage columnID="0C5F9A90-A453-B35D-19A4-B8BBFC45CA9D"/>
<colUsage columnID="A0FB32B8-4311-5C62-A5BE-741976577B53"/>
</indexColumnUsage>
</ind_PK_UK>
<ind_PK_UK id="2010EEE1-5C7C-163E-6158-8C67DAD014BB" name="INVOICE_DRUGLINE">
<createdBy>iwon0004</createdBy>
<createdTime>2021-04-26 07:26:55 UTC</createdTime>
<generatorID>7396DB95-F9FC-2004-71C5-E37BCE0D029C</generatorID>
<ownerDesignName>assignment1b_oraclemodel</ownerDesignName>
<indexState>Foreign Key</indexState>
<isSurrogateKey>false</isSurrogateKey>
<indexColumnUsage>
<colUsage columnID="233250A6-D411-6B8D-1560-D286B03F454B"/>
</indexColumnUsage>
</ind_PK_UK>
<ind_PK_UK id="D1FD7650-74FE-D570-4C27-04A0A631EB81" name="PRESCRIPTION_DRUGLINE">
<createdBy>iwon0004</createdBy>
<createdTime>2021-04-26 07:26:55 UTC</createdTime>
<generatorID>A3011408-DD46-7E2F-FCD3-10B4A8418B45</generatorID>
<ownerDesignName>assignment1b_oraclemodel</ownerDesignName>
<indexState>Foreign Key</indexState>
<isSurrogateKey>false</isSurrogateKey>
<indexColumnUsage>
<colUsage columnID="0C5F9A90-A453-B35D-19A4-B8BBFC45CA9D"/>
<colUsage columnID="A0FB32B8-4311-5C62-A5BE-741976577B53"/>
</indexColumnUsage>
</ind_PK_UK>
</indexes>
</Table>
