<?xml version = '1.0' encoding = 'UTF-8'?>
<Table class="oracle.dbtools.crest.model.design.relational.Table" directorySegmentName="seg_0" id="43342A03-9E8E-F7F2-E26D-7BC8606695D2" name="PRESCRIPTION">
<createdBy>iwon0004</createdBy>
<createdTime>2021-04-26 07:26:55 UTC</createdTime>
<generatorID>AD0B683E-921B-1A35-1C73-A50752AD742B</generatorID>
<ownerDesignName>assignment1b_oraclemodel</ownerDesignName>
<allowColumnReorder>false</allowColumnReorder>
<existDependencyGenerateInDDl>true</existDependencyGenerateInDDl>
<parsed>true</parsed>
<columns itemClass="oracle.dbtools.crest.model.design.relational.Column">
<Column name="VISIT_visit_id" id="6964CD62-C603-ED66-09A9-7A82D535D451">
<createdBy>iwon0004</createdBy>
<createdTime>2021-04-26 07:26:55 UTC</createdTime>
<commentInRDBMS><![CDATA[Visit ID]]></commentInRDBMS>
<generatorID>0374538C-57F6-FC93-42FF-913B7CD56618</generatorID>
<ownerDesignName>assignment1b_oraclemodel</ownerDesignName>
<useDomainConstraints>false</useDomainConstraints>
<use>1</use>
<logicalDatatype>LOGDT019</logicalDatatype>
<dataTypePrecision>7</dataTypePrecision>
<ownDataTypeParameters>,,</ownDataTypeParameters>
<previousColumn>false</previousColumn>
<autoIncrementCycle>false</autoIncrementCycle>
<associations>
<colAssociation fkAssociation="2AAFB331-9F9F-63D3-0FCD-5AB396A18988" referredColumn="6F3FD59F-9436-45CA-30EB-B03162B204FD"/>
</associations>
</Column>
<Column name="DRUG_drug_id" id="BCF7226B-7985-8CA9-A17F-7CF9189E2975">
<createdBy>iwon0004</createdBy>
<createdTime>2021-04-26 07:26:55 UTC</createdTime>
<commentInRDBMS><![CDATA[Drug's ID]]></commentInRDBMS>
<generatorID>70CDDBBF-12C2-6512-A70C-E27430D04C4A</generatorID>
<ownerDesignName>assignment1b_oraclemodel</ownerDesignName>
<useDomainConstraints>false</useDomainConstraints>
<use>1</use>
<logicalDatatype>LOGDT019</logicalDatatype>
<dataTypePrecision>7</dataTypePrecision>
<ownDataTypeParameters>,,</ownDataTypeParameters>
<previousColumn>false</previousColumn>
<autoIncrementCycle>false</autoIncrementCycle>
<associations>
<colAssociation fkAssociation="07AF9EAF-2C04-C612-1823-449B299BB5A9" referredColumn="C7DA484B-2929-FB13-E014-562FBD43F4B0"/>
</associations>
</Column>
<Column name="prescription_dose" id="9D322598-CE17-BAAB-A2B3-822F2F6A527C">
<createdBy>iwon0004</createdBy>
<createdTime>2021-04-26 07:26:55 UTC</createdTime>
<commentInRDBMS><![CDATA[prescribed drug dose]]></commentInRDBMS>
<generatorID>2355CDA3-DDE2-5F18-1A85-3F51E2B5756D</generatorID>
<ownerDesignName>assignment1b_oraclemodel</ownerDesignName>
<useDomainConstraints>false</useDomainConstraints>
<use>1</use>
<logicalDatatype>LOGDT024</logicalDatatype>
<dataTypeSize>50</dataTypeSize>
<ownDataTypeParameters>50,,</ownDataTypeParameters>
<autoIncrementCycle>false</autoIncrementCycle>
</Column>
<Column name="prescription_frequency" id="75F6C0CF-3029-B85D-EEF5-F6C77E230C24">
<createdBy>iwon0004</createdBy>
<createdTime>2021-04-26 07:26:55 UTC</createdTime>
<commentInRDBMS><![CDATA[prescribed drug frequency]]></commentInRDBMS>
<generatorID>50E1D5D6-1635-27C6-A3A6-4BD48A343CC4</generatorID>
<ownerDesignName>assignment1b_oraclemodel</ownerDesignName>
<useDomainConstraints>false</useDomainConstraints>
<use>1</use>
<logicalDatatype>LOGDT024</logicalDatatype>
<dataTypeSize>50</dataTypeSize>
<ownDataTypeParameters>50,,</ownDataTypeParameters>
<autoIncrementCycle>false</autoIncrementCycle>
</Column>
</columns>
<indexes itemClass="oracle.dbtools.crest.model.design.relational.Index">
<ind_PK_UK id="FF521185-2E54-FF45-AA86-C9603A628A59" name="PRESCRIPTION_PK">
<createdBy>iwon0004</createdBy>
<createdTime>2021-04-26 07:26:55 UTC</createdTime>
<generatorID>11FCB6EA-B47F-BC6A-9548-2DA9E1C364E2</generatorID>
<ownerDesignName>assignment1b_oraclemodel</ownerDesignName>
<pk>true</pk>
<indexState>Primary Constraint</indexState>
<isSurrogateKey>false</isSurrogateKey>
<indexColumnUsage>
<colUsage columnID="6964CD62-C603-ED66-09A9-7A82D535D451"/>
<colUsage columnID="BCF7226B-7985-8CA9-A17F-7CF9189E2975"/>
</indexColumnUsage>
</ind_PK_UK>
<ind_PK_UK id="36643C3E-38D0-516F-F5CC-5EAC992287AE" name="DRUG_PRESCRIPTION">
<createdBy>iwon0004</createdBy>
<createdTime>2021-04-26 07:26:55 UTC</createdTime>
<generatorID>7267709F-2CC1-B4D6-E95F-C8E8C8401350</generatorID>
<ownerDesignName>assignment1b_oraclemodel</ownerDesignName>
<indexState>Foreign Key</indexState>
<isSurrogateKey>false</isSurrogateKey>
<indexColumnUsage>
<colUsage columnID="BCF7226B-7985-8CA9-A17F-7CF9189E2975"/>
</indexColumnUsage>
</ind_PK_UK>
<ind_PK_UK id="276CDC45-5C5D-6204-4C40-F96AFACCE345" name="VISIT_PRESCRIPTION">
<createdBy>iwon0004</createdBy>
<createdTime>2021-04-26 07:26:55 UTC</createdTime>
<generatorID>36C56A5A-CCF7-061A-44FA-433300CCF703</generatorID>
<ownerDesignName>assignment1b_oraclemodel</ownerDesignName>
<indexState>Foreign Key</indexState>
<isSurrogateKey>false</isSurrogateKey>
<indexColumnUsage>
<colUsage columnID="6964CD62-C603-ED66-09A9-7A82D535D451"/>
</indexColumnUsage>
</ind_PK_UK>
</indexes>
</Table>
