<?xml version = '1.0' encoding = 'UTF-8'?>
<Table class="oracle.dbtools.crest.model.design.relational.Table" directorySegmentName="seg_0" id="46A9A7EB-9E9C-8B48-63DD-8705DD0C2BCE" name="VISIT">
<createdBy>iwon0004</createdBy>
<createdTime>2021-04-26 07:26:55 UTC</createdTime>
<generatorID>325762F8-98C8-098B-4904-36E1704DA004</generatorID>
<ownerDesignName>assignment1b_oraclemodel</ownerDesignName>
<allowColumnReorder>false</allowColumnReorder>
<existDependencyGenerateInDDl>true</existDependencyGenerateInDDl>
<parsed>true</parsed>
<columns itemClass="oracle.dbtools.crest.model.design.relational.Column">
<Column name="visit_id" id="6F3FD59F-9436-45CA-30EB-B03162B204FD">
<createdBy>iwon0004</createdBy>
<createdTime>2021-04-26 07:26:55 UTC</createdTime>
<commentInRDBMS><![CDATA[Visit ID]]></commentInRDBMS>
<generatorID>B45C56AD-4793-0432-9625-D1A1DA346C42</generatorID>
<ownerDesignName>assignment1b_oraclemodel</ownerDesignName>
<useDomainConstraints>false</useDomainConstraints>
<use>1</use>
<logicalDatatype>LOGDT019</logicalDatatype>
<dataTypePrecision>7</dataTypePrecision>
<ownDataTypeParameters>,7,</ownDataTypeParameters>
<autoIncrementCycle>false</autoIncrementCycle>
</Column>
<Column name="VET_vet_id" id="78813210-FE26-A049-1E19-1BB42BCE815E">
<createdBy>iwon0004</createdBy>
<createdTime>2021-04-26 07:26:55 UTC</createdTime>
<commentInRDBMS><![CDATA[Vet's ID]]></commentInRDBMS>
<generatorID>F130B9BD-60F5-968A-4C3B-DFF93AD7BDE8</generatorID>
<ownerDesignName>assignment1b_oraclemodel</ownerDesignName>
<useDomainConstraints>false</useDomainConstraints>
<use>1</use>
<logicalDatatype>LOGDT019</logicalDatatype>
<dataTypePrecision>7</dataTypePrecision>
<ownDataTypeParameters>,,</ownDataTypeParameters>
<previousColumn>false</previousColumn>
<autoIncrementCycle>false</autoIncrementCycle>
<associations>
<colAssociation fkAssociation="44041579-9DB0-2108-E94E-F2CD9FCE3FBB" referredColumn="CD715397-376A-DB46-6768-DCB0D6FB824C"/>
</associations>
</Column>
<Column name="visit_datetime" id="F1DA706B-25B9-2972-B294-CE2C553344E4">
<createdBy>iwon0004</createdBy>
<createdTime>2021-04-26 07:26:55 UTC</createdTime>
<commentInRDBMS><![CDATA[Visit's date and time]]></commentInRDBMS>
<generatorID>5EEA6AC3-85CF-445D-A65B-C5F5241AD23E</generatorID>
<ownerDesignName>assignment1b_oraclemodel</ownerDesignName>
<useDomainConstraints>false</useDomainConstraints>
<use>1</use>
<logicalDatatype>LOGDT007</logicalDatatype>
<ownDataTypeParameters>,,</ownDataTypeParameters>
<autoIncrementCycle>false</autoIncrementCycle>
</Column>
<Column name="CLINIC_clinic_id" id="71CE0AB4-2724-8838-CFBB-2B0CAD2CABF0">
<createdBy>iwon0004</createdBy>
<createdTime>2021-04-26 07:26:55 UTC</createdTime>
<commentInRDBMS><![CDATA[Clinic's ID]]></commentInRDBMS>
<generatorID>7B95AC8C-1C79-5B8A-0D2B-09BCC1FA73AC</generatorID>
<ownerDesignName>assignment1b_oraclemodel</ownerDesignName>
<useDomainConstraints>false</useDomainConstraints>
<use>1</use>
<logicalDatatype>LOGDT019</logicalDatatype>
<dataTypePrecision>7</dataTypePrecision>
<ownDataTypeParameters>,,</ownDataTypeParameters>
<previousColumn>false</previousColumn>
<autoIncrementCycle>false</autoIncrementCycle>
<associations>
<colAssociation fkAssociation="5E9E7747-AEB4-0553-7EBC-78CA05B92356" referredColumn="C69C1993-7529-5001-8EA8-966D979FB495"/>
</associations>
</Column>
<Column name="PET_pet_id" id="BF828DE8-3F11-0FA8-21D6-398BE9C8B2E3">
<createdBy>iwon0004</createdBy>
<createdTime>2021-04-26 07:26:55 UTC</createdTime>
<commentInRDBMS><![CDATA[Pet's ID]]></commentInRDBMS>
<generatorID>E3E80760-B606-1453-9830-B3A3DBCE7E1A</generatorID>
<ownerDesignName>assignment1b_oraclemodel</ownerDesignName>
<useDomainConstraints>false</useDomainConstraints>
<use>1</use>
<logicalDatatype>LOGDT019</logicalDatatype>
<dataTypePrecision>7</dataTypePrecision>
<ownDataTypeParameters>,,</ownDataTypeParameters>
<previousColumn>false</previousColumn>
<autoIncrementCycle>false</autoIncrementCycle>
<associations>
<colAssociation fkAssociation="3D2995B7-B441-D4D2-110C-755B6D10B26C" referredColumn="A65B81C9-F186-4DF3-FE9F-212825A0AABC"/>
</associations>
</Column>
<Column name="visit_length" id="16E33E5C-748E-B8DB-729E-FBC7F56542D8">
<createdBy>iwon0004</createdBy>
<createdTime>2021-04-26 07:26:55 UTC</createdTime>
<commentInRDBMS><![CDATA[Length of visit]]></commentInRDBMS>
<generatorID>81F04528-E7F2-4516-D777-18AA07DAEBD1</generatorID>
<ownerDesignName>assignment1b_oraclemodel</ownerDesignName>
<useDomainConstraints>false</useDomainConstraints>
<use>1</use>
<logicalDatatype>LOGDT024</logicalDatatype>
<dataTypeSize>10</dataTypeSize>
<ownDataTypeParameters>10,,</ownDataTypeParameters>
<autoIncrementCycle>false</autoIncrementCycle>
</Column>
<Column name="visit_notes" id="8D67564B-716D-58FF-2680-EEAE9216009F">
<createdBy>iwon0004</createdBy>
<createdTime>2021-04-26 07:26:55 UTC</createdTime>
<commentInRDBMS><![CDATA[Notes about the visit (if any)]]></commentInRDBMS>
<generatorID>FA9343FC-464D-27AD-A79D-CC40D51EB47E</generatorID>
<ownerDesignName>assignment1b_oraclemodel</ownerDesignName>
<nullsAllowed>true</nullsAllowed>
<useDomainConstraints>false</useDomainConstraints>
<use>1</use>
<logicalDatatype>LOGDT024</logicalDatatype>
<dataTypeSize>50</dataTypeSize>
<ownDataTypeParameters>50,,</ownDataTypeParameters>
<autoIncrementCycle>false</autoIncrementCycle>
</Column>
<Column name="VISIT_visit_id" id="52298AE4-D0FD-2D86-5DAB-8D4EF2BF93AE">
<createdBy>iwon0004</createdBy>
<createdTime>2021-04-26 07:26:55 UTC</createdTime>
<commentInRDBMS><![CDATA[Visit ID]]></commentInRDBMS>
<generatorID>7D8C93E5-7E17-312C-8DCD-733BCB19CF0B</generatorID>
<ownerDesignName>assignment1b_oraclemodel</ownerDesignName>
<nullsAllowed>true</nullsAllowed>
<useDomainConstraints>false</useDomainConstraints>
<use>1</use>
<logicalDatatype>LOGDT019</logicalDatatype>
<dataTypePrecision>7</dataTypePrecision>
<ownDataTypeParameters>,,</ownDataTypeParameters>
<previousColumn>false</previousColumn>
<autoIncrementCycle>false</autoIncrementCycle>
<associations>
<colAssociation fkAssociation="C4863D0E-C727-6073-58C7-AC8A642D9B9D" referredColumn="6F3FD59F-9436-45CA-30EB-B03162B204FD"/>
</associations>
</Column>
</columns>
<indexes itemClass="oracle.dbtools.crest.model.design.relational.Index">
<ind_PK_UK id="95D0153A-9275-C2A4-BEDB-5E4424CE0E13" name="VISIT_PK">
<createdBy>iwon0004</createdBy>
<createdTime>2021-04-26 07:26:55 UTC</createdTime>
<generatorID>7245F396-BA9E-3BE8-D814-0313C21C3DC5</generatorID>
<ownerDesignName>assignment1b_oraclemodel</ownerDesignName>
<pk>true</pk>
<indexState>Primary Constraint</indexState>
<isSurrogateKey>false</isSurrogateKey>
<indexColumnUsage>
<colUsage columnID="6F3FD59F-9436-45CA-30EB-B03162B204FD"/>
</indexColumnUsage>
</ind_PK_UK>
<ind_PK_UK id="85438A5F-696C-D427-9B79-86AB2F88D981" name="VISIT_NK">
<createdBy>iwon0004</createdBy>
<createdTime>2021-04-26 07:26:55 UTC</createdTime>
<generatorID>AA65DFCC-10FB-451E-6DF8-E4C8E503F7E1</generatorID>
<ownerDesignName>assignment1b_oraclemodel</ownerDesignName>
<indexState>Unique Constraint</indexState>
<isSurrogateKey>false</isSurrogateKey>
<indexColumnUsage>
<colUsage columnID="78813210-FE26-A049-1E19-1BB42BCE815E"/>
<colUsage columnID="F1DA706B-25B9-2972-B294-CE2C553344E4"/>
</indexColumnUsage>
</ind_PK_UK>
<ind_PK_UK id="BDAE28D4-E645-C099-A04B-BB60A1CB753B" name="CLINIC_VISIT">
<createdBy>iwon0004</createdBy>
<createdTime>2021-04-26 07:26:55 UTC</createdTime>
<generatorID>F2F5924E-6A4E-3E00-D733-42661C1CD99C</generatorID>
<ownerDesignName>assignment1b_oraclemodel</ownerDesignName>
<indexState>Foreign Key</indexState>
<isSurrogateKey>false</isSurrogateKey>
<indexColumnUsage>
<colUsage columnID="71CE0AB4-2724-8838-CFBB-2B0CAD2CABF0"/>
</indexColumnUsage>
</ind_PK_UK>
<ind_PK_UK id="2EF333FC-CD76-8EF3-805B-B64D48F0B2C2" name="FOLLOWUP_VISIT">
<createdBy>iwon0004</createdBy>
<createdTime>2021-04-26 07:26:55 UTC</createdTime>
<generatorID>B0123395-3F53-6759-FC2E-B68D83AFEF89</generatorID>
<ownerDesignName>assignment1b_oraclemodel</ownerDesignName>
<indexState>Foreign Key</indexState>
<isSurrogateKey>false</isSurrogateKey>
<indexColumnUsage>
<colUsage columnID="52298AE4-D0FD-2D86-5DAB-8D4EF2BF93AE"/>
</indexColumnUsage>
</ind_PK_UK>
<ind_PK_UK id="23A11E09-7E0A-D6A8-AA9E-C1ED558A8ABF" name="PET_VISIT">
<createdBy>iwon0004</createdBy>
<createdTime>2021-04-26 07:26:55 UTC</createdTime>
<generatorID>74C9C2E2-7055-2D47-ECD0-0D6D5104D5D3</generatorID>
<ownerDesignName>assignment1b_oraclemodel</ownerDesignName>
<indexState>Foreign Key</indexState>
<isSurrogateKey>false</isSurrogateKey>
<indexColumnUsage>
<colUsage columnID="BF828DE8-3F11-0FA8-21D6-398BE9C8B2E3"/>
</indexColumnUsage>
</ind_PK_UK>
<ind_PK_UK id="5A835D76-0130-AC5A-D799-2BDDB85C5583" name="VET_VISIT">
<createdBy>iwon0004</createdBy>
<createdTime>2021-04-26 07:26:55 UTC</createdTime>
<generatorID>759A9E3B-8AA6-4D4D-9C16-9440DCAE337C</generatorID>
<ownerDesignName>assignment1b_oraclemodel</ownerDesignName>
<indexState>Foreign Key</indexState>
<isSurrogateKey>false</isSurrogateKey>
<indexColumnUsage>
<colUsage columnID="78813210-FE26-A049-1E19-1BB42BCE815E"/>
</indexColumnUsage>
</ind_PK_UK>
</indexes>
</Table>
