<?xml version = '1.0' encoding = 'UTF-8'?>
<Table class="oracle.dbtools.crest.model.design.relational.Table" directorySegmentName="seg_0" id="4D38499E-8F96-BA4C-661A-4E8E99ECAF73" name="VET">
<createdBy>iwon0004</createdBy>
<createdTime>2021-04-26 07:26:55 UTC</createdTime>
<generatorID>D40D5293-0C0E-5BF7-5461-65116CB592A9</generatorID>
<ownerDesignName>assignment1b_oraclemodel</ownerDesignName>
<allowColumnReorder>false</allowColumnReorder>
<existDependencyGenerateInDDl>true</existDependencyGenerateInDDl>
<parsed>true</parsed>
<columns itemClass="oracle.dbtools.crest.model.design.relational.Column">
<Column name="vet_id" id="CD715397-376A-DB46-6768-DCB0D6FB824C">
<createdBy>iwon0004</createdBy>
<createdTime>2021-04-26 07:26:55 UTC</createdTime>
<commentInRDBMS><![CDATA[Vet's ID]]></commentInRDBMS>
<generatorID>FAC99F2D-ECE9-64E5-809F-48D80523F301</generatorID>
<ownerDesignName>assignment1b_oraclemodel</ownerDesignName>
<useDomainConstraints>false</useDomainConstraints>
<use>1</use>
<logicalDatatype>LOGDT019</logicalDatatype>
<dataTypePrecision>7</dataTypePrecision>
<ownDataTypeParameters>,7,</ownDataTypeParameters>
<autoIncrementCycle>false</autoIncrementCycle>
</Column>
<Column name="CLINIC_clinic_id" id="F98C63AA-9820-46B3-14A5-C07E514CA0C3">
<createdBy>iwon0004</createdBy>
<createdTime>2021-04-26 07:26:55 UTC</createdTime>
<commentInRDBMS><![CDATA[Clinic's ID]]></commentInRDBMS>
<generatorID>4DD6910E-D656-81D0-97FE-729CB5A7612C</generatorID>
<ownerDesignName>assignment1b_oraclemodel</ownerDesignName>
<useDomainConstraints>false</useDomainConstraints>
<use>1</use>
<logicalDatatype>LOGDT019</logicalDatatype>
<dataTypePrecision>7</dataTypePrecision>
<ownDataTypeParameters>,,</ownDataTypeParameters>
<previousColumn>false</previousColumn>
<autoIncrementCycle>false</autoIncrementCycle>
<associations>
<colAssociation fkAssociation="13170BF6-D982-1C48-684F-2EC5FA886299" referredColumn="C69C1993-7529-5001-8EA8-966D979FB495"/>
</associations>
</Column>
<Column name="vet_givname" id="515EFEFB-CF87-E15C-9A1F-FF0D640A9AE4">
<createdBy>iwon0004</createdBy>
<createdTime>2021-04-26 07:26:55 UTC</createdTime>
<commentInRDBMS><![CDATA[Vet's given name]]></commentInRDBMS>
<generatorID>9BFC2B21-51B5-FB1A-BA5D-1AAEA105B0B2</generatorID>
<ownerDesignName>assignment1b_oraclemodel</ownerDesignName>
<useDomainConstraints>false</useDomainConstraints>
<use>1</use>
<logicalDatatype>LOGDT024</logicalDatatype>
<dataTypeSize>50</dataTypeSize>
<ownDataTypeParameters>50,,</ownDataTypeParameters>
<autoIncrementCycle>false</autoIncrementCycle>
</Column>
<Column name="vet_famname" id="289B91F2-4BE4-3B7A-41D8-312F283548D2">
<createdBy>iwon0004</createdBy>
<createdTime>2021-04-26 07:26:55 UTC</createdTime>
<commentInRDBMS><![CDATA[Vet's family name]]></commentInRDBMS>
<generatorID>870AFC81-F71B-B973-0A62-0FDA56877283</generatorID>
<ownerDesignName>assignment1b_oraclemodel</ownerDesignName>
<useDomainConstraints>false</useDomainConstraints>
<use>1</use>
<logicalDatatype>LOGDT024</logicalDatatype>
<dataTypeSize>50</dataTypeSize>
<ownDataTypeParameters>50,,</ownDataTypeParameters>
<autoIncrementCycle>false</autoIncrementCycle>
</Column>
<Column name="vet_phone" id="4CEB4D98-F6ED-E864-7ED1-4B281518CE7D">
<createdBy>iwon0004</createdBy>
<createdTime>2021-04-26 07:26:55 UTC</createdTime>
<commentInRDBMS><![CDATA[Vet's phone number]]></commentInRDBMS>
<generatorID>C129E26F-770B-4B10-6CE2-26B21344FD14</generatorID>
<ownerDesignName>assignment1b_oraclemodel</ownerDesignName>
<useDomainConstraints>false</useDomainConstraints>
<use>1</use>
<logicalDatatype>LOGDT024</logicalDatatype>
<dataTypeSize>10</dataTypeSize>
<ownDataTypeParameters>10,,</ownDataTypeParameters>
<autoIncrementCycle>false</autoIncrementCycle>
</Column>
<Column name="vet_employdate" id="F7E3EABD-27B5-C753-5AB3-F46EF238C114">
<createdBy>iwon0004</createdBy>
<createdTime>2021-04-26 07:26:55 UTC</createdTime>
<commentInRDBMS><![CDATA[Vet's employment date]]></commentInRDBMS>
<generatorID>812C7DFF-A38C-B1D8-FE07-90ED3AE5AF46</generatorID>
<ownerDesignName>assignment1b_oraclemodel</ownerDesignName>
<useDomainConstraints>false</useDomainConstraints>
<use>1</use>
<logicalDatatype>LOGDT007</logicalDatatype>
<ownDataTypeParameters>,,</ownDataTypeParameters>
<autoIncrementCycle>false</autoIncrementCycle>
</Column>
<Column name="SPECIALISATION_specialisation_id" id="EB7CEF64-41D9-0A91-35CE-FBE61241CAE9">
<createdBy>iwon0004</createdBy>
<createdTime>2021-04-26 07:26:55 UTC</createdTime>
<commentInRDBMS><![CDATA[Specialisation ID]]></commentInRDBMS>
<generatorID>390BCBB5-ECF4-33FF-8578-29CD4FD5979A</generatorID>
<ownerDesignName>assignment1b_oraclemodel</ownerDesignName>
<nullsAllowed>true</nullsAllowed>
<useDomainConstraints>false</useDomainConstraints>
<use>1</use>
<logicalDatatype>LOGDT019</logicalDatatype>
<dataTypePrecision>7</dataTypePrecision>
<ownDataTypeParameters>,,</ownDataTypeParameters>
<previousColumn>false</previousColumn>
<autoIncrementCycle>false</autoIncrementCycle>
<associations>
<colAssociation fkAssociation="A82C28E2-5E1C-BF3E-C504-C98B93E3694F" referredColumn="F16A2B46-8234-2353-6724-E92E5B0E9475"/>
</associations>
</Column>
<Column name="specialist_visit_count" id="414F9A0B-4FD0-5CA2-2D23-9DD6E2D92D1D">
<createdBy>iwon0004</createdBy>
<createdTime>2021-04-26 07:26:55 UTC</createdTime>
<commentInRDBMS><![CDATA[how many times a specialist vet has serviced a visit that is not their home clinic]]></commentInRDBMS>
<generatorID>671B307C-9174-854A-8ED0-050E6BD007A8</generatorID>
<ownerDesignName>assignment1b_oraclemodel</ownerDesignName>
<nullsAllowed>true</nullsAllowed>
<useDomainConstraints>false</useDomainConstraints>
<use>1</use>
<logicalDatatype>LOGDT019</logicalDatatype>
<dataTypePrecision>5</dataTypePrecision>
<ownDataTypeParameters>,5,</ownDataTypeParameters>
<autoIncrementCycle>false</autoIncrementCycle>
</Column>
</columns>
<indexes itemClass="oracle.dbtools.crest.model.design.relational.Index">
<ind_PK_UK id="D00AFDB8-246A-72A4-D23E-5E1713BF29B7" name="VET_PK">
<createdBy>iwon0004</createdBy>
<createdTime>2021-04-26 07:26:55 UTC</createdTime>
<generatorID>40CED876-82EA-E292-AD9C-9F85CC6AFA23</generatorID>
<ownerDesignName>assignment1b_oraclemodel</ownerDesignName>
<pk>true</pk>
<indexState>Primary Constraint</indexState>
<isSurrogateKey>false</isSurrogateKey>
<indexColumnUsage>
<colUsage columnID="CD715397-376A-DB46-6768-DCB0D6FB824C"/>
</indexColumnUsage>
</ind_PK_UK>
<ind_PK_UK id="1E9F3045-7EE9-C432-1D7C-A0A056C7411F" name="VET_CLINIC">
<createdBy>iwon0004</createdBy>
<createdTime>2021-04-26 07:26:55 UTC</createdTime>
<generatorID>D3824F88-70CD-72C1-46C7-E8094B9499C4</generatorID>
<ownerDesignName>assignment1b_oraclemodel</ownerDesignName>
<indexState>Foreign Key</indexState>
<isSurrogateKey>false</isSurrogateKey>
<indexColumnUsage>
<colUsage columnID="F98C63AA-9820-46B3-14A5-C07E514CA0C3"/>
</indexColumnUsage>
</ind_PK_UK>
<ind_PK_UK id="0F7A4CF9-0FCC-B3BD-6F29-2268B2AF5B8D" name="VET_SPECIALISATION">
<createdBy>iwon0004</createdBy>
<createdTime>2021-04-26 07:26:55 UTC</createdTime>
<generatorID>55CAE350-171F-3C36-40D3-DDE8EA7BB85C</generatorID>
<ownerDesignName>assignment1b_oraclemodel</ownerDesignName>
<indexState>Foreign Key</indexState>
<isSurrogateKey>false</isSurrogateKey>
<indexColumnUsage>
<colUsage columnID="EB7CEF64-41D9-0A91-35CE-FBE61241CAE9"/>
</indexColumnUsage>
</ind_PK_UK>
</indexes>
</Table>
