<?xml version = '1.0' encoding = 'UTF-8'?>
<Table class="oracle.dbtools.crest.model.design.relational.Table" directorySegmentName="seg_0" id="5D06A42C-353C-ACA2-2E42-99779725A6EB" name="SERVICE">
<createdBy>iwon0004</createdBy>
<createdTime>2021-04-26 07:26:55 UTC</createdTime>
<generatorID>50269B04-A550-E53A-0499-065671ACD574</generatorID>
<ownerDesignName>assignment1b_oraclemodel</ownerDesignName>
<allowColumnReorder>false</allowColumnReorder>
<existDependencyGenerateInDDl>true</existDependencyGenerateInDDl>
<parsed>true</parsed>
<columns itemClass="oracle.dbtools.crest.model.design.relational.Column">
<Column name="service_id" id="773A0113-C137-EAA8-7569-3612F7935FAA">
<createdBy>iwon0004</createdBy>
<createdTime>2021-04-26 07:26:55 UTC</createdTime>
<commentInRDBMS><![CDATA[Service ID]]></commentInRDBMS>
<generatorID>7F0A19E2-8E2E-388A-2A7A-2B5E067BC0D5</generatorID>
<ownerDesignName>assignment1b_oraclemodel</ownerDesignName>
<useDomainConstraints>false</useDomainConstraints>
<use>1</use>
<logicalDatatype>LOGDT019</logicalDatatype>
<dataTypePrecision>7</dataTypePrecision>
<ownDataTypeParameters>,7,</ownDataTypeParameters>
<autoIncrementCycle>false</autoIncrementCycle>
</Column>
<Column name="service_desc" id="4C79A3E3-C5F1-D36D-A4CE-A1EBDE6A491A">
<createdBy>iwon0004</createdBy>
<createdTime>2021-04-26 07:26:55 UTC</createdTime>
<commentInRDBMS><![CDATA[Service description]]></commentInRDBMS>
<generatorID>51C2E1B2-2E60-3DD3-8C10-5EFBBB522CF9</generatorID>
<ownerDesignName>assignment1b_oraclemodel</ownerDesignName>
<useDomainConstraints>false</useDomainConstraints>
<use>1</use>
<logicalDatatype>LOGDT024</logicalDatatype>
<dataTypeSize>50</dataTypeSize>
<ownDataTypeParameters>50,,</ownDataTypeParameters>
<autoIncrementCycle>false</autoIncrementCycle>
</Column>
<Column name="service_standard_cost" id="2E68F2DF-32EF-8BDB-C91F-ACA1720987C1">
<createdBy>iwon0004</createdBy>
<createdTime>2021-04-26 07:26:55 UTC</createdTime>
<commentInRDBMS><![CDATA[Standard cost of the service]]></commentInRDBMS>
<generatorID>F54171DF-B250-26C8-7AA9-83FDBDB106AF</generatorID>
<ownerDesignName>assignment1b_oraclemodel</ownerDesignName>
<useDomainConstraints>false</useDomainConstraints>
<use>1</use>
<logicalDatatype>LOGDT019</logicalDatatype>
<dataTypePrecision>6</dataTypePrecision>
<dataTypeScale>2</dataTypeScale>
<ownDataTypeParameters>,6,2</ownDataTypeParameters>
<autoIncrementCycle>false</autoIncrementCycle>
</Column>
</columns>
<indexes itemClass="oracle.dbtools.crest.model.design.relational.Index">
<ind_PK_UK id="6A3FAB3C-6498-4A8F-1D35-F2437B3B037C" name="SERVICE_PK">
<createdBy>iwon0004</createdBy>
<createdTime>2021-04-26 07:26:55 UTC</createdTime>
<generatorID>1B56F353-0A40-0B68-107E-61A4F53CB44F</generatorID>
<ownerDesignName>assignment1b_oraclemodel</ownerDesignName>
<pk>true</pk>
<indexState>Primary Constraint</indexState>
<isSurrogateKey>false</isSurrogateKey>
<indexColumnUsage>
<colUsage columnID="773A0113-C137-EAA8-7569-3612F7935FAA"/>
</indexColumnUsage>
</ind_PK_UK>
</indexes>
</Table>
