<?xml version = '1.0' encoding = 'UTF-8'?>
<Table class="oracle.dbtools.crest.model.design.relational.Table" directorySegmentName="seg_0" id="8B0EF2B0-B51F-A27E-0FD1-BDC767050672" name="PET_TYPE">
<createdBy>iwon0004</createdBy>
<createdTime>2021-04-26 07:26:55 UTC</createdTime>
<generatorID>7616F06F-6AF2-1B5F-4701-F34569D4ED92</generatorID>
<ownerDesignName>assignment1b_oraclemodel</ownerDesignName>
<allowColumnReorder>false</allowColumnReorder>
<existDependencyGenerateInDDl>true</existDependencyGenerateInDDl>
<parsed>true</parsed>
<columns itemClass="oracle.dbtools.crest.model.design.relational.Column">
<Column name="pet_type_id" id="D56FECED-66C1-49D8-F08C-7E2E6FB9819B">
<createdBy>iwon0004</createdBy>
<createdTime>2021-04-26 07:26:55 UTC</createdTime>
<commentInRDBMS><![CDATA[Pet type ID]]></commentInRDBMS>
<generatorID>FC7BB98B-E9D6-0DD0-46FE-772AC8C44B2A</generatorID>
<ownerDesignName>assignment1b_oraclemodel</ownerDesignName>
<useDomainConstraints>false</useDomainConstraints>
<use>1</use>
<logicalDatatype>LOGDT019</logicalDatatype>
<dataTypePrecision>7</dataTypePrecision>
<ownDataTypeParameters>,7,</ownDataTypeParameters>
<autoIncrementCycle>false</autoIncrementCycle>
</Column>
<Column name="pet_type_desc" id="26B88278-FC33-37FB-3E90-1D54B83BE0D4">
<createdBy>iwon0004</createdBy>
<createdTime>2021-04-26 07:26:55 UTC</createdTime>
<commentInRDBMS><![CDATA[Pet type description]]></commentInRDBMS>
<generatorID>CCE41D64-C75A-DEA6-93B8-BCF73698520F</generatorID>
<ownerDesignName>assignment1b_oraclemodel</ownerDesignName>
<useDomainConstraints>false</useDomainConstraints>
<use>1</use>
<logicalDatatype>LOGDT024</logicalDatatype>
<dataTypeSize>50</dataTypeSize>
<ownDataTypeParameters>50,,</ownDataTypeParameters>
<autoIncrementCycle>false</autoIncrementCycle>
</Column>
</columns>
<indexes itemClass="oracle.dbtools.crest.model.design.relational.Index">
<ind_PK_UK id="EF409522-87E9-ACF9-A46E-DA7DAF26F975" name="PET_TYPE_PK">
<createdBy>iwon0004</createdBy>
<createdTime>2021-04-26 07:26:55 UTC</createdTime>
<generatorID>D6BBFFA3-A1EF-C01C-70F7-76E54FA49DD4</generatorID>
<ownerDesignName>assignment1b_oraclemodel</ownerDesignName>
<pk>true</pk>
<indexState>Primary Constraint</indexState>
<isSurrogateKey>false</isSurrogateKey>
<indexColumnUsage>
<colUsage columnID="D56FECED-66C1-49D8-F08C-7E2E6FB9819B"/>
</indexColumnUsage>
</ind_PK_UK>
</indexes>
</Table>
