<?xml version = '1.0' encoding = 'UTF-8'?>
<Table class="oracle.dbtools.crest.model.design.relational.Table" directorySegmentName="seg_0" id="D9F87380-700C-AFCD-3BC0-59C56685BB1C" name="SERVICE_LINE">
<createdBy>iwon0004</createdBy>
<createdTime>2021-04-26 07:26:55 UTC</createdTime>
<generatorID>0E6F3571-0245-161B-943C-E829A884B139</generatorID>
<ownerDesignName>assignment1b_oraclemodel</ownerDesignName>
<allowColumnReorder>false</allowColumnReorder>
<existDependencyGenerateInDDl>true</existDependencyGenerateInDDl>
<parsed>true</parsed>
<columns itemClass="oracle.dbtools.crest.model.design.relational.Column">
<Column name="INVOICE_invoice_id" id="45521458-0C4C-EE06-C494-4DFE9A1B7C6C">
<createdBy>iwon0004</createdBy>
<createdTime>2021-04-26 07:26:55 UTC</createdTime>
<commentInRDBMS><![CDATA[Invoice's ID]]></commentInRDBMS>
<generatorID>EBD18544-C99B-A2FD-D7C6-50EC197CD2D8</generatorID>
<ownerDesignName>assignment1b_oraclemodel</ownerDesignName>
<useDomainConstraints>false</useDomainConstraints>
<use>1</use>
<logicalDatatype>LOGDT019</logicalDatatype>
<dataTypePrecision>7</dataTypePrecision>
<ownDataTypeParameters>,,</ownDataTypeParameters>
<previousColumn>false</previousColumn>
<autoIncrementCycle>false</autoIncrementCycle>
<associations>
<colAssociation fkAssociation="CDFED964-64D5-A61A-9C50-DA7EE9F5E20C" referredColumn="96C9B76C-4897-9522-957B-6462E7280246"/>
</associations>
</Column>
<Column name="SERVICE_service_id" id="173CC882-192D-178E-672E-B05135578445">
<createdBy>iwon0004</createdBy>
<createdTime>2021-04-26 07:26:55 UTC</createdTime>
<commentInRDBMS><![CDATA[Service ID]]></commentInRDBMS>
<generatorID>B8A9C6B1-FFF1-7145-B1C8-F603C22CC087</generatorID>
<ownerDesignName>assignment1b_oraclemodel</ownerDesignName>
<useDomainConstraints>false</useDomainConstraints>
<use>1</use>
<logicalDatatype>LOGDT019</logicalDatatype>
<dataTypePrecision>7</dataTypePrecision>
<ownDataTypeParameters>,,</ownDataTypeParameters>
<previousColumn>false</previousColumn>
<autoIncrementCycle>false</autoIncrementCycle>
<associations>
<colAssociation fkAssociation="84F5B327-DF95-10AE-F8EB-2D749F55BC01" referredColumn="773A0113-C137-EAA8-7569-3612F7935FAA"/>
</associations>
</Column>
<Column name="sl_cost_change" id="AFBC2B68-AA80-6136-96C1-C3DD8B8537CF">
<createdBy>iwon0004</createdBy>
<createdTime>2021-04-26 07:26:55 UTC</createdTime>
<commentInRDBMS><![CDATA[Change in service cost (subect to vet)]]></commentInRDBMS>
<generatorID>2A958BA2-AFA3-0EF0-3E07-2EE25BA66DA1</generatorID>
<ownerDesignName>assignment1b_oraclemodel</ownerDesignName>
<nullsAllowed>true</nullsAllowed>
<useDomainConstraints>false</useDomainConstraints>
<use>1</use>
<logicalDatatype>LOGDT019</logicalDatatype>
<dataTypePrecision>6</dataTypePrecision>
<dataTypeScale>2</dataTypeScale>
<ownDataTypeParameters>,6,2</ownDataTypeParameters>
<autoIncrementCycle>false</autoIncrementCycle>
</Column>
<Column name="sl_cost" id="8B997D93-2806-C4D4-29E4-45E20E1615C1">
<createdBy>iwon0004</createdBy>
<createdTime>2021-04-26 07:26:55 UTC</createdTime>
<commentInRDBMS><![CDATA[Service line cost]]></commentInRDBMS>
<generatorID>BA2A45B2-3C55-0973-F7FE-82DD46F269AB</generatorID>
<ownerDesignName>assignment1b_oraclemodel</ownerDesignName>
<useDomainConstraints>false</useDomainConstraints>
<use>1</use>
<logicalDatatype>LOGDT019</logicalDatatype>
<dataTypePrecision>6</dataTypePrecision>
<dataTypeScale>2</dataTypeScale>
<ownDataTypeParameters>,6,2</ownDataTypeParameters>
<autoIncrementCycle>false</autoIncrementCycle>
</Column>
</columns>
<indexes itemClass="oracle.dbtools.crest.model.design.relational.Index">
<ind_PK_UK id="806C07F2-9285-293A-C177-49A99752DC7B" name="SERVICE_LINE_PK">
<createdBy>iwon0004</createdBy>
<createdTime>2021-04-26 07:26:55 UTC</createdTime>
<generatorID>ADDBB7F6-BBF2-7EBB-2BE3-E8D621C60214</generatorID>
<ownerDesignName>assignment1b_oraclemodel</ownerDesignName>
<pk>true</pk>
<indexState>Primary Constraint</indexState>
<isSurrogateKey>false</isSurrogateKey>
<indexColumnUsage>
<colUsage columnID="173CC882-192D-178E-672E-B05135578445"/>
<colUsage columnID="45521458-0C4C-EE06-C494-4DFE9A1B7C6C"/>
</indexColumnUsage>
</ind_PK_UK>
<ind_PK_UK id="4C742466-8EBF-48E2-5BB1-78C08C01153F" name="INVOICE_SERVICELINE">
<createdBy>iwon0004</createdBy>
<createdTime>2021-04-26 07:26:55 UTC</createdTime>
<generatorID>4887509B-3351-45DF-4C5C-F999D0C4FE27</generatorID>
<ownerDesignName>assignment1b_oraclemodel</ownerDesignName>
<indexState>Foreign Key</indexState>
<isSurrogateKey>false</isSurrogateKey>
<indexColumnUsage>
<colUsage columnID="45521458-0C4C-EE06-C494-4DFE9A1B7C6C"/>
</indexColumnUsage>
</ind_PK_UK>
<ind_PK_UK id="53F8202D-468C-B6BD-D035-E96A8CE96CA4" name="SERVICE_SL">
<createdBy>iwon0004</createdBy>
<createdTime>2021-04-26 07:26:55 UTC</createdTime>
<generatorID>DF4CC561-5000-54F5-A929-BEAD6A52F316</generatorID>
<ownerDesignName>assignment1b_oraclemodel</ownerDesignName>
<indexState>Foreign Key</indexState>
<isSurrogateKey>false</isSurrogateKey>
<indexColumnUsage>
<colUsage columnID="173CC882-192D-178E-672E-B05135578445"/>
</indexColumnUsage>
</ind_PK_UK>
</indexes>
</Table>
