<?xml version = '1.0' encoding = 'UTF-8'?>
<Table class="oracle.dbtools.crest.model.design.relational.Table" directorySegmentName="seg_0" id="F0092C0C-D6B1-29CF-EBEE-656183980F84" name="PET">
<createdBy>iwon0004</createdBy>
<createdTime>2021-04-26 07:26:55 UTC</createdTime>
<generatorID>0368C7B1-3FD1-FFD5-C127-1A482A890658</generatorID>
<ownerDesignName>assignment1b_oraclemodel</ownerDesignName>
<allowColumnReorder>false</allowColumnReorder>
<existDependencyGenerateInDDl>true</existDependencyGenerateInDDl>
<parsed>true</parsed>
<columns itemClass="oracle.dbtools.crest.model.design.relational.Column">
<Column name="pet_id" id="A65B81C9-F186-4DF3-FE9F-212825A0AABC">
<createdBy>iwon0004</createdBy>
<createdTime>2021-04-26 07:26:55 UTC</createdTime>
<commentInRDBMS><![CDATA[Pet's ID]]></commentInRDBMS>
<generatorID>8AF1681A-2032-E4AF-FA23-4DDA8181C28A</generatorID>
<ownerDesignName>assignment1b_oraclemodel</ownerDesignName>
<useDomainConstraints>false</useDomainConstraints>
<use>1</use>
<logicalDatatype>LOGDT019</logicalDatatype>
<dataTypePrecision>7</dataTypePrecision>
<ownDataTypeParameters>,7,</ownDataTypeParameters>
<autoIncrementCycle>false</autoIncrementCycle>
</Column>
<Column name="OWNER_owner_id" id="EFE1EB7F-6B25-5516-97BD-17CA8739CBE6">
<createdBy>iwon0004</createdBy>
<createdTime>2021-04-26 07:26:55 UTC</createdTime>
<commentInRDBMS><![CDATA[Owner's ID]]></commentInRDBMS>
<generatorID>1B542489-CD94-3549-CA01-655380F98CA7</generatorID>
<ownerDesignName>assignment1b_oraclemodel</ownerDesignName>
<useDomainConstraints>false</useDomainConstraints>
<use>1</use>
<logicalDatatype>LOGDT019</logicalDatatype>
<dataTypePrecision>7</dataTypePrecision>
<ownDataTypeParameters>,,</ownDataTypeParameters>
<previousColumn>false</previousColumn>
<autoIncrementCycle>false</autoIncrementCycle>
<associations>
<colAssociation fkAssociation="AF93344E-3C46-CC73-B54D-D125D5BE3D14" referredColumn="391A41B2-4BB0-B354-246C-213D5AAE682A"/>
</associations>
</Column>
<Column name="PET_TYPE_pet_type_id" id="EE202309-2051-C817-9DE7-47C5C95EDF8B">
<createdBy>iwon0004</createdBy>
<createdTime>2021-04-26 07:26:55 UTC</createdTime>
<commentInRDBMS><![CDATA[Pet type ID]]></commentInRDBMS>
<generatorID>272E119B-4D47-B783-E15B-40FC1F160C7B</generatorID>
<ownerDesignName>assignment1b_oraclemodel</ownerDesignName>
<useDomainConstraints>false</useDomainConstraints>
<use>1</use>
<logicalDatatype>LOGDT019</logicalDatatype>
<dataTypePrecision>7</dataTypePrecision>
<ownDataTypeParameters>,,</ownDataTypeParameters>
<previousColumn>false</previousColumn>
<autoIncrementCycle>false</autoIncrementCycle>
<associations>
<colAssociation fkAssociation="5BCE90F4-FE89-D84F-869A-04DCC96CE92C" referredColumn="D56FECED-66C1-49D8-F08C-7E2E6FB9819B"/>
</associations>
</Column>
<Column name="pet_name" id="1E918994-E6D0-8312-3F0B-6D5AC7B81649">
<createdBy>iwon0004</createdBy>
<createdTime>2021-04-26 07:26:55 UTC</createdTime>
<commentInRDBMS><![CDATA[Pet's name]]></commentInRDBMS>
<generatorID>F82B14C2-32C7-BE37-52BC-137C39215B6E</generatorID>
<ownerDesignName>assignment1b_oraclemodel</ownerDesignName>
<useDomainConstraints>false</useDomainConstraints>
<use>1</use>
<logicalDatatype>LOGDT024</logicalDatatype>
<dataTypeSize>50</dataTypeSize>
<ownDataTypeParameters>50,,</ownDataTypeParameters>
<autoIncrementCycle>false</autoIncrementCycle>
</Column>
<Column name="pet_gender" id="0A5A59B7-E023-FBF6-C4EE-8A9B809D7717">
<createdBy>iwon0004</createdBy>
<createdTime>2021-04-26 07:26:55 UTC</createdTime>
<commentInRDBMS><![CDATA[Pet's gender, M = Male | F = Female]]></commentInRDBMS>
<generatorID>FD55FD2C-654C-8D85-9846-4F019206359D</generatorID>
<ownerDesignName>assignment1b_oraclemodel</ownerDesignName>
<constraintName>chk_petgender</constraintName>
<useDomainConstraints>false</useDomainConstraints>
<use>1</use>
<logicalDatatype>LOGDT025</logicalDatatype>
<dataTypeSize>1</dataTypeSize>
<listOfValues>
<valueDef value="F" description="Female"/>
<valueDef value="M" description="Male"/>
</listOfValues>
<ownDataTypeParameters>1,,</ownDataTypeParameters>
<autoIncrementCycle>false</autoIncrementCycle>
</Column>
<Column name="pet_birthdate" id="EFCA13A6-2B2E-5A76-091C-2F28D8FF1389">
<createdBy>iwon0004</createdBy>
<createdTime>2021-04-26 07:26:55 UTC</createdTime>
<commentInRDBMS><![CDATA[Pet's birthdate]]></commentInRDBMS>
<generatorID>DA835D07-C5C0-9250-66C6-0E41877C93EA</generatorID>
<ownerDesignName>assignment1b_oraclemodel</ownerDesignName>
<useDomainConstraints>false</useDomainConstraints>
<use>1</use>
<logicalDatatype>LOGDT007</logicalDatatype>
<ownDataTypeParameters>,,</ownDataTypeParameters>
<autoIncrementCycle>false</autoIncrementCycle>
</Column>
<Column name="pet_deceased" id="F3214B10-55C9-EBA8-F400-F2BE3B710B53">
<createdBy>iwon0004</createdBy>
<createdTime>2021-04-26 07:26:55 UTC</createdTime>
<commentInRDBMS><![CDATA[Pet's deceased status, Y = Yes | N = No]]></commentInRDBMS>
<generatorID>B6544B37-741D-8746-5BC0-18DD679A4D98</generatorID>
<ownerDesignName>assignment1b_oraclemodel</ownerDesignName>
<constraintName>chk_petdeceased</constraintName>
<useDomainConstraints>false</useDomainConstraints>
<use>1</use>
<logicalDatatype>LOGDT025</logicalDatatype>
<dataTypeSize>1</dataTypeSize>
<listOfValues>
<valueDef value="N" description="No"/>
<valueDef value="Y" description="Yes"/>
</listOfValues>
<ownDataTypeParameters>1,,</ownDataTypeParameters>
<autoIncrementCycle>false</autoIncrementCycle>
</Column>
</columns>
<indexes itemClass="oracle.dbtools.crest.model.design.relational.Index">
<ind_PK_UK id="A6652BF5-F5C2-6DF4-F983-32E20AB87D22" name="PET_PK">
<createdBy>iwon0004</createdBy>
<createdTime>2021-04-26 07:26:55 UTC</createdTime>
<generatorID>9EB08191-E3C4-AD9B-2BBD-63C08AACF71A</generatorID>
<ownerDesignName>assignment1b_oraclemodel</ownerDesignName>
<pk>true</pk>
<indexState>Primary Constraint</indexState>
<isSurrogateKey>false</isSurrogateKey>
<indexColumnUsage>
<colUsage columnID="A65B81C9-F186-4DF3-FE9F-212825A0AABC"/>
</indexColumnUsage>
</ind_PK_UK>
<ind_PK_UK id="50E78A0C-2BB5-6B61-9ED8-BC94EC56B0CB" name="OWNER_PET">
<createdBy>iwon0004</createdBy>
<createdTime>2021-04-26 07:26:55 UTC</createdTime>
<generatorID>355C57EF-22AB-C268-B6DC-8F2EFE10E828</generatorID>
<ownerDesignName>assignment1b_oraclemodel</ownerDesignName>
<indexState>Foreign Key</indexState>
<isSurrogateKey>false</isSurrogateKey>
<indexColumnUsage>
<colUsage columnID="EFE1EB7F-6B25-5516-97BD-17CA8739CBE6"/>
</indexColumnUsage>
</ind_PK_UK>
<ind_PK_UK id="8C76A2A4-3C46-AF9F-0E47-CFC7A7999876" name="PET_PETTYPE">
<createdBy>iwon0004</createdBy>
<createdTime>2021-04-26 07:26:55 UTC</createdTime>
<generatorID>04391599-B9C6-2303-6BF8-125698DB6CC7</generatorID>
<ownerDesignName>assignment1b_oraclemodel</ownerDesignName>
<indexState>Foreign Key</indexState>
<isSurrogateKey>false</isSurrogateKey>
<indexColumnUsage>
<colUsage columnID="EE202309-2051-C817-9DE7-47C5C95EDF8B"/>
</indexColumnUsage>
</ind_PK_UK>
</indexes>
</Table>
