<?xml version = '1.0' encoding = 'UTF-8'?>
<Relation class="oracle.dbtools.crest.model.design.logical.Relation" name="PET_PETTYPE" directorySegmentName="seg_0" id="04391599-B9C6-2303-6BF8-125698DB6CC7">
<createdBy>iwon0004</createdBy>
<createdTime>2021-04-25 07:47:10 UTC</createdTime>
<ownerDesignName>assignment1b_oraclemodel</ownerDesignName>
<engineerTo>
<item key="2970E3E4-ED9A-7D99-44CA-39F474B8F6AF" value="true"/>
</engineerTo>
<sourcePk>D6BBFFA3-A1EF-C01C-70F7-76E54FA49DD4</sourcePk>
<identifying>false</identifying>
<nameOnSource>has</nameOnSource>
<nameOnTarget> </nameOnTarget>
<optionalSource>false</optionalSource>
<optionalTarget>false</optionalTarget>
<sourceCardinality>1</sourceCardinality>
<sourceEntity>7616F06F-6AF2-1B5F-4701-F34569D4ED92</sourceEntity>
<targetCardinalityString>*</targetCardinalityString>
<targetEntity>0368C7B1-3FD1-FFD5-C127-1A482A890658</targetEntity>
<transferable>true</transferable>
<deleteRule>NO ACTION</deleteRule>
</Relation>
