<?xml version = '1.0' encoding = 'UTF-8'?>
<Relation class="oracle.dbtools.crest.model.design.logical.Relation" name="VISIT_INVOICE" directorySegmentName="seg_0" id="04E6E8DD-BE7D-ED72-A1A0-38731B39E95D">
<createdBy>iwon0004</createdBy>
<createdTime>2021-04-25 08:59:22 UTC</createdTime>
<ownerDesignName>assignment1b_oraclemodel</ownerDesignName>
<sourcePk>7245F396-BA9E-3BE8-D814-0313C21C3DC5</sourcePk>
<dominantRole>325762F8-98C8-098B-4904-36E1704DA004</dominantRole>
<identifying>true</identifying>
<nameOnSource>generates</nameOnSource>
<nameOnTarget> </nameOnTarget>
<optionalSource>false</optionalSource>
<optionalTarget>false</optionalTarget>
<sourceCardinality>1</sourceCardinality>
<sourceEntity>325762F8-98C8-098B-4904-36E1704DA004</sourceEntity>
<targetCardinalityString>1</targetCardinalityString>
<targetEntity>F3835F13-2A10-4A59-C013-C58181F43F66</targetEntity>
<transferable>true</transferable>
<deleteRule>NO ACTION</deleteRule>
</Relation>
