<?xml version = '1.0' encoding = 'UTF-8'?>
<Relation class="oracle.dbtools.crest.model.design.logical.Relation" name="OWNER_PET" directorySegmentName="seg_0" id="355C57EF-22AB-C268-B6DC-8F2EFE10E828">
<createdBy>iwon0004</createdBy>
<createdTime>2021-04-25 07:44:52 UTC</createdTime>
<ownerDesignName>assignment1b_oraclemodel</ownerDesignName>
<sourcePk>B66CF9E7-2CD9-A591-ECFF-C2C292BC0CFC</sourcePk>
<identifying>false</identifying>
<nameOnSource>owns</nameOnSource>
<nameOnTarget> </nameOnTarget>
<optionalSource>true</optionalSource>
<optionalTarget>false</optionalTarget>
<sourceCardinality>1</sourceCardinality>
<sourceEntity>54515F39-E135-6FD7-8259-D68634812C07</sourceEntity>
<targetCardinalityString>*</targetCardinalityString>
<targetEntity>0368C7B1-3FD1-FFD5-C127-1A482A890658</targetEntity>
<transferable>true</transferable>
<deleteRule>NO ACTION</deleteRule>
</Relation>
