<?xml version = '1.0' encoding = 'UTF-8'?>
<Relation class="oracle.dbtools.crest.model.design.logical.Relation" name="VISIT_PRESCRIPTION" directorySegmentName="seg_0" id="36C56A5A-CCF7-061A-44FA-433300CCF703">
<createdBy>iwon0004</createdBy>
<createdTime>2021-04-26 06:24:47 UTC</createdTime>
<ownerDesignName>assignment1b_oraclemodel</ownerDesignName>
<sourcePk>7245F396-BA9E-3BE8-D814-0313C21C3DC5</sourcePk>
<identifying>true</identifying>
<nameOnSource>prescribes</nameOnSource>
<nameOnTarget> </nameOnTarget>
<optionalSource>true</optionalSource>
<optionalTarget>false</optionalTarget>
<sourceCardinality>1</sourceCardinality>
<sourceEntity>325762F8-98C8-098B-4904-36E1704DA004</sourceEntity>
<targetCardinalityString>*</targetCardinalityString>
<targetEntity>AD0B683E-921B-1A35-1C73-A50752AD742B</targetEntity>
<transferable>true</transferable>
<deleteRule>NO ACTION</deleteRule>
</Relation>
