<?xml version = '1.0' encoding = 'UTF-8'?>
<Relation class="oracle.dbtools.crest.model.design.logical.Relation" name="INVOICE_SERVICELINE" directorySegmentName="seg_0" id="4887509B-3351-45DF-4C5C-F999D0C4FE27">
<createdBy>iwon0004</createdBy>
<createdTime>2021-04-25 10:44:05 UTC</createdTime>
<ownerDesignName>assignment1b_oraclemodel</ownerDesignName>
<sourcePk>7A8F0030-17D7-8A70-3FC9-DB779B95456C</sourcePk>
<identifying>true</identifying>
<nameOnSource>contains</nameOnSource>
<nameOnTarget> </nameOnTarget>
<optionalSource>false</optionalSource>
<optionalTarget>false</optionalTarget>
<sourceCardinality>1</sourceCardinality>
<sourceEntity>F3835F13-2A10-4A59-C013-C58181F43F66</sourceEntity>
<targetCardinalityString>*</targetCardinalityString>
<targetEntity>0E6F3571-0245-161B-943C-E829A884B139</targetEntity>
<transferable>true</transferable>
<deleteRule>NO ACTION</deleteRule>
</Relation>
