<?xml version = '1.0' encoding = 'UTF-8'?>
<Relation class="oracle.dbtools.crest.model.design.logical.Relation" name="VET_SPECIALISATION" directorySegmentName="seg_0" id="55CAE350-171F-3C36-40D3-DDE8EA7BB85C">
<createdBy>iwon0004</createdBy>
<createdTime>2021-04-25 08:40:57 UTC</createdTime>
<ownerDesignName>assignment1b_oraclemodel</ownerDesignName>
<engineerTo>
<item key="2970E3E4-ED9A-7D99-44CA-39F474B8F6AF" value="true"/>
</engineerTo>
<sourcePk>47CD4619-606D-E328-E721-986F472FA61A</sourcePk>
<identifying>false</identifying>
<nameOnSource>has</nameOnSource>
<nameOnTarget> </nameOnTarget>
<optionalSource>false</optionalSource>
<optionalTarget>true</optionalTarget>
<sourceCardinality>1</sourceCardinality>
<sourceEntity>4F513056-F157-92CC-97DE-4520E0631090</sourceEntity>
<targetCardinalityString>*</targetCardinalityString>
<targetEntity>D40D5293-0C0E-5BF7-5461-65116CB592A9</targetEntity>
<transferable>true</transferable>
<deleteRule>NO ACTION</deleteRule>
</Relation>
