<?xml version = '1.0' encoding = 'UTF-8'?>
<Relation class="oracle.dbtools.crest.model.design.logical.Relation" name="DRUG_PRESCRIPTION" directorySegmentName="seg_0" id="7267709F-2CC1-B4D6-E95F-C8E8C8401350">
<createdBy>iwon0004</createdBy>
<createdTime>2021-04-26 06:25:18 UTC</createdTime>
<ownerDesignName>assignment1b_oraclemodel</ownerDesignName>
<sourcePk>1AE43F24-1465-3AFD-A149-363B45DF890A</sourcePk>
<identifying>true</identifying>
<nameOnSource>is used in</nameOnSource>
<nameOnTarget> </nameOnTarget>
<optionalSource>true</optionalSource>
<optionalTarget>false</optionalTarget>
<sourceCardinality>1</sourceCardinality>
<sourceEntity>513F1BED-096D-704E-003E-632914B77532</sourceEntity>
<targetCardinalityString>*</targetCardinalityString>
<targetEntity>AD0B683E-921B-1A35-1C73-A50752AD742B</targetEntity>
<transferable>true</transferable>
<deleteRule>NO ACTION</deleteRule>
</Relation>
