<?xml version = '1.0' encoding = 'UTF-8'?>
<Relation class="oracle.dbtools.crest.model.design.logical.Relation" name="INVOICE_DRUGLINE" directorySegmentName="seg_0" id="7396DB95-F9FC-2004-71C5-E37BCE0D029C">
<createdBy>iwon0004</createdBy>
<createdTime>2021-04-25 13:58:17 UTC</createdTime>
<ownerDesignName>assignment1b_oraclemodel</ownerDesignName>
<sourcePk>7A8F0030-17D7-8A70-3FC9-DB779B95456C</sourcePk>
<identifying>true</identifying>
<nameOnSource>contains</nameOnSource>
<nameOnTarget> </nameOnTarget>
<optionalSource>true</optionalSource>
<optionalTarget>false</optionalTarget>
<sourceCardinality>1</sourceCardinality>
<sourceEntity>F3835F13-2A10-4A59-C013-C58181F43F66</sourceEntity>
<targetCardinalityString>*</targetCardinalityString>
<targetEntity>7299C1C9-5AB9-B1AA-DB1B-1392B152CBDB</targetEntity>
<transferable>true</transferable>
<deleteRule>NO ACTION</deleteRule>
</Relation>
