<?xml version = '1.0' encoding = 'UTF-8'?>
<Relation class="oracle.dbtools.crest.model.design.logical.Relation" name="PET_VISIT" directorySegmentName="seg_0" id="74C9C2E2-7055-2D47-ECD0-0D6D5104D5D3">
<createdBy>iwon0004</createdBy>
<createdTime>2021-04-25 08:48:23 UTC</createdTime>
<ownerDesignName>assignment1b_oraclemodel</ownerDesignName>
<sourcePk>9EB08191-E3C4-AD9B-2BBD-63C08AACF71A</sourcePk>
<identifying>false</identifying>
<nameOnSource>attends</nameOnSource>
<nameOnTarget> </nameOnTarget>
<optionalSource>true</optionalSource>
<optionalTarget>false</optionalTarget>
<sourceCardinality>1</sourceCardinality>
<sourceEntity>0368C7B1-3FD1-FFD5-C127-1A482A890658</sourceEntity>
<targetCardinalityString>*</targetCardinalityString>
<targetEntity>325762F8-98C8-098B-4904-36E1704DA004</targetEntity>
<transferable>true</transferable>
<deleteRule>NO ACTION</deleteRule>
</Relation>
