<?xml version = '1.0' encoding = 'UTF-8'?>
<Relation class="oracle.dbtools.crest.model.design.logical.Relation" name="VET_VISIT" directorySegmentName="seg_0" id="759A9E3B-8AA6-4D4D-9C16-9440DCAE337C">
<createdBy>iwon0004</createdBy>
<createdTime>2021-04-25 08:47:26 UTC</createdTime>
<ownerDesignName>assignment1b_oraclemodel</ownerDesignName>
<sourcePk>40CED876-82EA-E292-AD9C-9F85CC6AFA23</sourcePk>
<identifying>false</identifying>
<nameOnSource>attends</nameOnSource>
<nameOnTarget> </nameOnTarget>
<optionalSource>true</optionalSource>
<optionalTarget>false</optionalTarget>
<sourceCardinality>1</sourceCardinality>
<sourceEntity>D40D5293-0C0E-5BF7-5461-65116CB592A9</sourceEntity>
<targetCardinalityString>*</targetCardinalityString>
<targetEntity>325762F8-98C8-098B-4904-36E1704DA004</targetEntity>
<transferable>true</transferable>
<deleteRule>NO ACTION</deleteRule>
</Relation>
