<?xml version = '1.0' encoding = 'UTF-8'?>
<Relation class="oracle.dbtools.crest.model.design.logical.Relation" name="OWNER_PREFERREDVET" directorySegmentName="seg_0" id="9509B2BB-F759-64A5-345F-3C5FB5AC932C">
<createdBy>iwon0004</createdBy>
<createdTime>2021-04-25 08:39:43 UTC</createdTime>
<ownerDesignName>assignment1b_oraclemodel</ownerDesignName>
<sourcePk>40CED876-82EA-E292-AD9C-9F85CC6AFA23</sourcePk>
<identifying>false</identifying>
<nameOnSource>prefers</nameOnSource>
<nameOnTarget> </nameOnTarget>
<optionalSource>true</optionalSource>
<optionalTarget>false</optionalTarget>
<sourceCardinality>1</sourceCardinality>
<sourceEntity>D40D5293-0C0E-5BF7-5461-65116CB592A9</sourceEntity>
<targetCardinalityString>*</targetCardinalityString>
<targetEntity>54515F39-E135-6FD7-8259-D68634812C07</targetEntity>
<transferable>true</transferable>
<deleteRule>NO ACTION</deleteRule>
</Relation>
