<?xml version = '1.0' encoding = 'UTF-8'?>
<Relation class="oracle.dbtools.crest.model.design.logical.Relation" name="PRESCRIPTION_DRUGLINE" directorySegmentName="seg_0" id="A3011408-DD46-7E2F-FCD3-10B4A8418B45">
<createdBy>iwon0004</createdBy>
<createdTime>2021-04-26 06:26:31 UTC</createdTime>
<ownerDesignName>assignment1b_oraclemodel</ownerDesignName>
<sourcePk>11FCB6EA-B47F-BC6A-9548-2DA9E1C364E2</sourcePk>
<dominantRole>AD0B683E-921B-1A35-1C73-A50752AD742B</dominantRole>
<identifying>false</identifying>
<nameOnSource>paid by</nameOnSource>
<nameOnTarget> </nameOnTarget>
<optionalSource>false</optionalSource>
<optionalTarget>true</optionalTarget>
<sourceCardinality>1</sourceCardinality>
<sourceEntity>AD0B683E-921B-1A35-1C73-A50752AD742B</sourceEntity>
<targetCardinalityString>1</targetCardinalityString>
<targetEntity>7299C1C9-5AB9-B1AA-DB1B-1392B152CBDB</targetEntity>
<transferable>true</transferable>
<deleteRule>NO ACTION</deleteRule>
</Relation>
