<?xml version = '1.0' encoding = 'UTF-8'?>
<Relation class="oracle.dbtools.crest.model.design.logical.Relation" name="FOLLOWUP_VISIT" directorySegmentName="seg_0" id="B0123395-3F53-6759-FC2E-B68D83AFEF89">
<createdBy>iwon0004</createdBy>
<createdTime>2021-04-25 10:44:58 UTC</createdTime>
<ownerDesignName>assignment1b_oraclemodel</ownerDesignName>
<targetPk>7245F396-BA9E-3BE8-D814-0313C21C3DC5</targetPk>
<identifying>false</identifying>
<nameOnSource>generates</nameOnSource>
<nameOnTarget> </nameOnTarget>
<optionalSource>true</optionalSource>
<optionalTarget>true</optionalTarget>
<sourceCardinality>1</sourceCardinality>
<sourceEntity>325762F8-98C8-098B-4904-36E1704DA004</sourceEntity>
<targetCardinalityString>*</targetCardinalityString>
<targetEntity>325762F8-98C8-098B-4904-36E1704DA004</targetEntity>
<transferable>true</transferable>
<deleteRule>NO ACTION</deleteRule>
</Relation>
