<?xml version = '1.0' encoding = 'UTF-8'?>
<Relation class="oracle.dbtools.crest.model.design.logical.Relation" name="VET_CLINIC" directorySegmentName="seg_0" id="D3824F88-70CD-72C1-46C7-E8094B9499C4">
<createdBy>iwon0004</createdBy>
<createdTime>2021-04-25 08:44:03 UTC</createdTime>
<ownerDesignName>assignment1b_oraclemodel</ownerDesignName>
<sourcePk>022DA979-A0D0-B57F-314D-8FEA179509EE</sourcePk>
<identifying>false</identifying>
<nameOnSource>employs</nameOnSource>
<nameOnTarget> </nameOnTarget>
<optionalSource>true</optionalSource>
<optionalTarget>false</optionalTarget>
<sourceCardinality>1</sourceCardinality>
<sourceEntity>7DB7A941-40FC-7E26-D797-E8967E6950AE</sourceEntity>
<targetCardinalityString>*</targetCardinalityString>
<targetEntity>D40D5293-0C0E-5BF7-5461-65116CB592A9</targetEntity>
<transferable>true</transferable>
<deleteRule>NO ACTION</deleteRule>
</Relation>
