<?xml version = '1.0' encoding = 'UTF-8'?>
<Relation class="oracle.dbtools.crest.model.design.logical.Relation" name="SERVICE_SL" directorySegmentName="seg_0" id="DF4CC561-5000-54F5-A929-BEAD6A52F316">
<createdBy>iwon0004</createdBy>
<createdTime>2021-04-25 10:02:39 UTC</createdTime>
<ownerDesignName>assignment1b_oraclemodel</ownerDesignName>
<sourcePk>1B56F353-0A40-0B68-107E-61A4F53CB44F</sourcePk>
<identifying>true</identifying>
<nameOnSource>is used in</nameOnSource>
<nameOnTarget> </nameOnTarget>
<optionalSource>true</optionalSource>
<optionalTarget>false</optionalTarget>
<sourceCardinality>1</sourceCardinality>
<sourceEntity>50269B04-A550-E53A-0499-065671ACD574</sourceEntity>
<targetCardinalityString>*</targetCardinalityString>
<targetEntity>0E6F3571-0245-161B-943C-E829A884B139</targetEntity>
<transferable>true</transferable>
<deleteRule>NO ACTION</deleteRule>
</Relation>
