<?xml version = '1.0' encoding = 'UTF-8'?>
<Relation class="oracle.dbtools.crest.model.design.logical.Relation" name="CLINIC_VISIT" directorySegmentName="seg_0" id="F2F5924E-6A4E-3E00-D733-42661C1CD99C">
<createdBy>iwon0004</createdBy>
<createdTime>2021-04-25 08:49:09 UTC</createdTime>
<ownerDesignName>assignment1b_oraclemodel</ownerDesignName>
<sourcePk>022DA979-A0D0-B57F-314D-8FEA179509EE</sourcePk>
<identifying>false</identifying>
<nameOnSource>hosts</nameOnSource>
<nameOnTarget> </nameOnTarget>
<optionalSource>true</optionalSource>
<optionalTarget>false</optionalTarget>
<sourceCardinality>1</sourceCardinality>
<sourceEntity>7DB7A941-40FC-7E26-D797-E8967E6950AE</sourceEntity>
<targetCardinalityString>*</targetCardinalityString>
<targetEntity>325762F8-98C8-098B-4904-36E1704DA004</targetEntity>
<transferable>true</transferable>
<deleteRule>NO ACTION</deleteRule>
</Relation>
