<?xml version = '1.0' encoding = 'UTF-8'?>
<Diagram class="oracle.dbtools.crest.swingui.logical.DPVLogical" name="Logical" id="A473BCDD-A20B-7B83-CEAC-36FFF4FBEB0D">
<createdBy>iwon0004</createdBy>
<modifiedBy>iwon0004</modifiedBy>
<createdTime>2021-04-25 02:47:59 UTC</createdTime>
<autoRoute>false</autoRoute>
<boxInbox>true</boxInbox>
<showLegend>false</showLegend>
<showLabels>false</showLabels>
<showRelAttributes>false</showRelAttributes>
<gridEnabled>false</gridEnabled>
<showGrid>false</showGrid>
<diagramColor>-1</diagramColor>
<display>false</display>
<notation>1</notation>
<objectViews>
<OView class="oracle.dbtools.crest.swingui.logical.TVEntity" oid="29DB872C-EA3A-1D97-68E0-1D841C31B2DC" otype="Entity" vid="8514AE24-8502-B414-B1CC-AB58CE197B44">
<hideElementsInCurrentOnly>false</hideElementsInCurrentOnly>
<bounds x="131" y="226" width="170" height="110"/>
</OView>
<OView class="oracle.dbtools.crest.swingui.logical.TVEntity" oid="43042AD7-CE0C-7AB0-D52B-81D323B2EDE0" otype="Entity" vid="947FC5D2-D225-818F-2ECF-4B8AE09E8CDF">
<hideElementsInCurrentOnly>false</hideElementsInCurrentOnly>
<bounds x="131" y="410" width="170" height="110"/>
</OView>
<OView class="oracle.dbtools.crest.swingui.logical.TVEntity" oid="A86A1104-7A56-157F-4A5F-16E07F459782" otype="Entity" vid="CED07C6D-D63A-F53B-8A9D-1FCD6C7FA2FA">
<hideElementsInCurrentOnly>false</hideElementsInCurrentOnly>
<bounds x="132" y="581" width="170" height="110"/>
</OView>
</objectViews>
</Diagram>
