<?xml version = '1.0' encoding = 'UTF-8'?>
<Entity class="oracle.dbtools.crest.model.design.logical.Entity" directorySegmentName="seg_0" id="0368C7B1-3FD1-FFD5-C127-1A482A890658" name="PET">
<createdBy>iwon0004</createdBy>
<createdTime>2021-04-25 07:38:57 UTC</createdTime>
<ownerDesignName>assignment1b_oraclemodel</ownerDesignName>
<engineerTo>
<item key="2970E3E4-ED9A-7D99-44CA-39F474B8F6AF" value="true"/>
</engineerTo>
<adequatelyNormalized>NO</adequatelyNormalized>
<expectedVolumes>0</expectedVolumes>
<fwdEngineeringStrategyName>Single Table</fwdEngineeringStrategyName>
<growthPercent>0</growthPercent>
<growthType>Year</growthType>
<maxVolumes>9999999</maxVolumes>
<minVolumes>0</minVolumes>
<normalForm>Third</normalForm>
<attributes itemClass="oracle.dbtools.crest.model.design.logical.Attribute">
<Attribute name="pet_id" id="8AF1681A-2032-E4AF-FA23-4DDA8181C28A">
<createdBy>iwon0004</createdBy>
<createdTime>2021-04-25 07:39:02 UTC</createdTime>
<commentInRDBMS><![CDATA[Pet's ID]]></commentInRDBMS>
<ownerDesignName>assignment1b_oraclemodel</ownerDesignName>
<engineerTo>
<item key="2970E3E4-ED9A-7D99-44CA-39F474B8F6AF" value="true"/>
</engineerTo>
<useDomainConstraints>false</useDomainConstraints>
<use>1</use>
<logicalDatatype>LOGDT019</logicalDatatype>
<dataTypePrecision>7</dataTypePrecision>
<ownDataTypeParameters>,7,</ownDataTypeParameters>
</Attribute>
<Attribute name="owner_id" id="1B542489-CD94-3549-CA01-655380F98CA7">
<createdBy>iwon0004</createdBy>
<createdTime>2021-04-25 07:44:52 UTC</createdTime>
<commentInRDBMS><![CDATA[Owner's ID]]></commentInRDBMS>
<generatorID>355C57EF-22AB-C268-B6DC-8F2EFE10E828</generatorID>
<ownerDesignName>assignment1b_oraclemodel</ownerDesignName>
<engineerTo>
<item key="2970E3E4-ED9A-7D99-44CA-39F474B8F6AF" value="true"/>
</engineerTo>
<referedAttribute>0C42E3B8-6B3D-EA6E-7449-AB67FF18B168</referedAttribute>
<useDomainConstraints>false</useDomainConstraints>
<use>1</use>
<logicalDatatype>LOGDT019</logicalDatatype>
<dataTypePrecision>7</dataTypePrecision>
<ownDataTypeParameters>,7,</ownDataTypeParameters>
</Attribute>
<Attribute name="pet_type_id" id="272E119B-4D47-B783-E15B-40FC1F160C7B">
<createdBy>iwon0004</createdBy>
<createdTime>2021-04-25 07:47:10 UTC</createdTime>
<commentInRDBMS><![CDATA[Pet type ID]]></commentInRDBMS>
<generatorID>04391599-B9C6-2303-6BF8-125698DB6CC7</generatorID>
<ownerDesignName>assignment1b_oraclemodel</ownerDesignName>
<engineerTo>
<item key="2970E3E4-ED9A-7D99-44CA-39F474B8F6AF" value="true"/>
</engineerTo>
<referedAttribute>FC7BB98B-E9D6-0DD0-46FE-772AC8C44B2A</referedAttribute>
<useDomainConstraints>false</useDomainConstraints>
<use>1</use>
<logicalDatatype>LOGDT019</logicalDatatype>
<dataTypePrecision>7</dataTypePrecision>
<ownDataTypeParameters>,7,</ownDataTypeParameters>
</Attribute>
<Attribute name="pet_name" id="F82B14C2-32C7-BE37-52BC-137C39215B6E">
<createdBy>iwon0004</createdBy>
<createdTime>2021-04-25 07:40:30 UTC</createdTime>
<commentInRDBMS><![CDATA[Pet's name]]></commentInRDBMS>
<ownerDesignName>assignment1b_oraclemodel</ownerDesignName>
<engineerTo>
<item key="2970E3E4-ED9A-7D99-44CA-39F474B8F6AF" value="true"/>
</engineerTo>
<useDomainConstraints>false</useDomainConstraints>
<use>1</use>
<logicalDatatype>LOGDT024</logicalDatatype>
<dataTypeSize>50</dataTypeSize>
<ownDataTypeParameters>50,,</ownDataTypeParameters>
</Attribute>
<Attribute name="pet_gender" id="FD55FD2C-654C-8D85-9846-4F019206359D">
<createdBy>iwon0004</createdBy>
<createdTime>2021-04-25 07:39:02 UTC</createdTime>
<commentInRDBMS><![CDATA[Pet's gender, M = Male | F = Female]]></commentInRDBMS>
<ownerDesignName>assignment1b_oraclemodel</ownerDesignName>
<engineerTo>
<item key="2970E3E4-ED9A-7D99-44CA-39F474B8F6AF" value="true"/>
</engineerTo>
<constraintName>chk_petgender</constraintName>
<useDomainConstraints>false</useDomainConstraints>
<use>1</use>
<logicalDatatype>LOGDT025</logicalDatatype>
<dataTypeSize>1</dataTypeSize>
<listOfValues>
<valueDef value="F" description="Female"/>
<valueDef value="M" description="Male"/>
</listOfValues>
<ownDataTypeParameters>1,,</ownDataTypeParameters>
</Attribute>
<Attribute name="pet_birthdate" id="DA835D07-C5C0-9250-66C6-0E41877C93EA">
<createdBy>iwon0004</createdBy>
<createdTime>2021-04-25 07:40:56 UTC</createdTime>
<commentInRDBMS><![CDATA[Pet's birthdate]]></commentInRDBMS>
<ownerDesignName>assignment1b_oraclemodel</ownerDesignName>
<engineerTo>
<item key="2970E3E4-ED9A-7D99-44CA-39F474B8F6AF" value="true"/>
</engineerTo>
<useDomainConstraints>false</useDomainConstraints>
<use>1</use>
<logicalDatatype>LOGDT007</logicalDatatype>
<ownDataTypeParameters>,,</ownDataTypeParameters>
</Attribute>
<Attribute name="pet_deceased" id="B6544B37-741D-8746-5BC0-18DD679A4D98">
<createdBy>iwon0004</createdBy>
<createdTime>2021-04-25 07:40:57 UTC</createdTime>
<commentInRDBMS><![CDATA[Pet's deceased status, Y = Yes | N = No]]></commentInRDBMS>
<ownerDesignName>assignment1b_oraclemodel</ownerDesignName>
<engineerTo>
<item key="2970E3E4-ED9A-7D99-44CA-39F474B8F6AF" value="true"/>
</engineerTo>
<constraintName>chk_petdeceased</constraintName>
<useDomainConstraints>false</useDomainConstraints>
<use>1</use>
<logicalDatatype>LOGDT025</logicalDatatype>
<dataTypeSize>1</dataTypeSize>
<listOfValues>
<valueDef value="N" description="No"/>
<valueDef value="Y" description="Yes"/>
</listOfValues>
<ownDataTypeParameters>1,,</ownDataTypeParameters>
</Attribute>
</attributes>
<identifiers itemClass="oracle.dbtools.crest.model.design.logical.CandidateKey">
<identifier id="9EB08191-E3C4-AD9B-2BBD-63C08AACF71A" name="PET PK">
<createdBy>iwon0004</createdBy>
<createdTime>2021-04-25 07:39:10 UTC</createdTime>
<ownerDesignName>assignment1b_oraclemodel</ownerDesignName>
<engineerTo>
<item key="2970E3E4-ED9A-7D99-44CA-39F474B8F6AF" value="true"/>
</engineerTo>
<pk>true</pk>
<usedAttributes>
<attributeRef>8AF1681A-2032-E4AF-FA23-4DDA8181C28A</attributeRef>
</usedAttributes>
</identifier>
</identifiers>
</Entity>
