<?xml version = '1.0' encoding = 'UTF-8'?>
<Entity class="oracle.dbtools.crest.model.design.logical.Entity" directorySegmentName="seg_0" id="0E6F3571-0245-161B-943C-E829A884B139" name="SERVICE_LINE">
<createdBy>iwon0004</createdBy>
<createdTime>2021-04-25 09:53:48 UTC</createdTime>
<ownerDesignName>assignment1b_oraclemodel</ownerDesignName>
<adequatelyNormalized>NO</adequatelyNormalized>
<expectedVolumes>0</expectedVolumes>
<fwdEngineeringStrategyName>Single Table</fwdEngineeringStrategyName>
<growthPercent>0</growthPercent>
<growthType>Year</growthType>
<maxVolumes>9999999</maxVolumes>
<minVolumes>0</minVolumes>
<normalForm>Third</normalForm>
<attributes itemClass="oracle.dbtools.crest.model.design.logical.Attribute">
<Attribute name="invoice_id" id="EBD18544-C99B-A2FD-D7C6-50EC197CD2D8">
<createdBy>iwon0004</createdBy>
<createdTime>2021-04-26 06:19:03 UTC</createdTime>
<commentInRDBMS><![CDATA[Invoice's ID]]></commentInRDBMS>
<generatorID>4887509B-3351-45DF-4C5C-F999D0C4FE27</generatorID>
<ownerDesignName>assignment1b_oraclemodel</ownerDesignName>
<referedAttribute>AAE55B01-C7D1-A788-63FF-85DFDAC3F883</referedAttribute>
<useDomainConstraints>false</useDomainConstraints>
<use>1</use>
<logicalDatatype>LOGDT019</logicalDatatype>
<dataTypePrecision>7</dataTypePrecision>
<ownDataTypeParameters>,,</ownDataTypeParameters>
</Attribute>
<Attribute name="service_id" id="B8A9C6B1-FFF1-7145-B1C8-F603C22CC087">
<createdBy>iwon0004</createdBy>
<createdTime>2021-04-25 10:02:39 UTC</createdTime>
<commentInRDBMS><![CDATA[Service ID]]></commentInRDBMS>
<generatorID>DF4CC561-5000-54F5-A929-BEAD6A52F316</generatorID>
<ownerDesignName>assignment1b_oraclemodel</ownerDesignName>
<referedAttribute>7F0A19E2-8E2E-388A-2A7A-2B5E067BC0D5</referedAttribute>
<useDomainConstraints>false</useDomainConstraints>
<use>1</use>
<logicalDatatype>LOGDT019</logicalDatatype>
<dataTypePrecision>7</dataTypePrecision>
<ownDataTypeParameters>,,</ownDataTypeParameters>
</Attribute>
<Attribute name="sl_cost_change" id="2A958BA2-AFA3-0EF0-3E07-2EE25BA66DA1">
<createdBy>iwon0004</createdBy>
<createdTime>2021-04-25 09:53:56 UTC</createdTime>
<commentInRDBMS><![CDATA[Change in service cost (subect to vet)]]></commentInRDBMS>
<ownerDesignName>assignment1b_oraclemodel</ownerDesignName>
<nullsAllowed>true</nullsAllowed>
<useDomainConstraints>false</useDomainConstraints>
<use>1</use>
<logicalDatatype>LOGDT019</logicalDatatype>
<dataTypePrecision>6</dataTypePrecision>
<dataTypeScale>2</dataTypeScale>
<ownDataTypeParameters>,6,2</ownDataTypeParameters>
</Attribute>
<Attribute name="sl_cost" id="BA2A45B2-3C55-0973-F7FE-82DD46F269AB">
<createdBy>iwon0004</createdBy>
<createdTime>2021-04-25 09:53:55 UTC</createdTime>
<commentInRDBMS><![CDATA[Service line cost]]></commentInRDBMS>
<ownerDesignName>assignment1b_oraclemodel</ownerDesignName>
<useDomainConstraints>false</useDomainConstraints>
<use>1</use>
<logicalDatatype>LOGDT019</logicalDatatype>
<dataTypePrecision>6</dataTypePrecision>
<dataTypeScale>2</dataTypeScale>
<ownDataTypeParameters>,6,2</ownDataTypeParameters>
</Attribute>
</attributes>
<identifiers itemClass="oracle.dbtools.crest.model.design.logical.CandidateKey">
<identifier id="ADDBB7F6-BBF2-7EBB-2BE3-E8D621C60214" name="SERVICE_LINE PK">
<createdBy>iwon0004</createdBy>
<createdTime>2021-04-25 10:03:03 UTC</createdTime>
<ownerDesignName>assignment1b_oraclemodel</ownerDesignName>
<pk>true</pk>
<usedAttributes>
<attributeRef>B8A9C6B1-FFF1-7145-B1C8-F603C22CC087</attributeRef>
<attributeRef>EBD18544-C99B-A2FD-D7C6-50EC197CD2D8</attributeRef>
</usedAttributes>
</identifier>
</identifiers>
</Entity>
