<?xml version = '1.0' encoding = 'UTF-8'?>
<Entity class="oracle.dbtools.crest.model.design.logical.Entity" directorySegmentName="seg_0" id="325762F8-98C8-098B-4904-36E1704DA004" name="VISIT">
<createdBy>iwon0004</createdBy>
<createdTime>2021-04-25 08:45:49 UTC</createdTime>
<ownerDesignName>assignment1b_oraclemodel</ownerDesignName>
<adequatelyNormalized>NO</adequatelyNormalized>
<expectedVolumes>0</expectedVolumes>
<fwdEngineeringStrategyName>Single Table</fwdEngineeringStrategyName>
<growthPercent>0</growthPercent>
<growthType>Year</growthType>
<maxVolumes>9999999</maxVolumes>
<minVolumes>0</minVolumes>
<normalForm>Third</normalForm>
<attributes itemClass="oracle.dbtools.crest.model.design.logical.Attribute">
<Attribute name="visit_id" id="B45C56AD-4793-0432-9625-D1A1DA346C42">
<createdBy>iwon0004</createdBy>
<createdTime>2021-04-25 10:07:16 UTC</createdTime>
<commentInRDBMS><![CDATA[Visit ID]]></commentInRDBMS>
<ownerDesignName>assignment1b_oraclemodel</ownerDesignName>
<useDomainConstraints>false</useDomainConstraints>
<use>1</use>
<logicalDatatype>LOGDT019</logicalDatatype>
<dataTypePrecision>7</dataTypePrecision>
<ownDataTypeParameters>,7,</ownDataTypeParameters>
</Attribute>
<Attribute name="vet_id" id="F130B9BD-60F5-968A-4C3B-DFF93AD7BDE8">
<createdBy>iwon0004</createdBy>
<createdTime>2021-04-25 08:47:26 UTC</createdTime>
<commentInRDBMS><![CDATA[Vet's ID]]></commentInRDBMS>
<generatorID>759A9E3B-8AA6-4D4D-9C16-9440DCAE337C</generatorID>
<ownerDesignName>assignment1b_oraclemodel</ownerDesignName>
<referedAttribute>FAC99F2D-ECE9-64E5-809F-48D80523F301</referedAttribute>
<useDomainConstraints>false</useDomainConstraints>
<use>1</use>
<logicalDatatype>LOGDT019</logicalDatatype>
<dataTypePrecision>7</dataTypePrecision>
<ownDataTypeParameters>,7,</ownDataTypeParameters>
</Attribute>
<Attribute name="visit_datetime" id="5EEA6AC3-85CF-445D-A65B-C5F5241AD23E">
<createdBy>iwon0004</createdBy>
<createdTime>2021-04-25 08:46:00 UTC</createdTime>
<commentInRDBMS><![CDATA[Visit's date and time]]></commentInRDBMS>
<ownerDesignName>assignment1b_oraclemodel</ownerDesignName>
<useDomainConstraints>false</useDomainConstraints>
<use>1</use>
<logicalDatatype>LOGDT007</logicalDatatype>
<ownDataTypeParameters>,,</ownDataTypeParameters>
</Attribute>
<Attribute name="clinic_id" id="7B95AC8C-1C79-5B8A-0D2B-09BCC1FA73AC">
<createdBy>iwon0004</createdBy>
<createdTime>2021-04-25 08:49:09 UTC</createdTime>
<commentInRDBMS><![CDATA[Clinic's ID]]></commentInRDBMS>
<generatorID>F2F5924E-6A4E-3E00-D733-42661C1CD99C</generatorID>
<ownerDesignName>assignment1b_oraclemodel</ownerDesignName>
<referedAttribute>614DBC4A-188B-F265-B58A-68FC7DF1EAA2</referedAttribute>
<useDomainConstraints>false</useDomainConstraints>
<use>1</use>
<logicalDatatype>LOGDT019</logicalDatatype>
<dataTypePrecision>7</dataTypePrecision>
<ownDataTypeParameters>,7,</ownDataTypeParameters>
</Attribute>
<Attribute name="pet_id" id="E3E80760-B606-1453-9830-B3A3DBCE7E1A">
<createdBy>iwon0004</createdBy>
<createdTime>2021-04-25 08:48:23 UTC</createdTime>
<commentInRDBMS><![CDATA[Pet's ID]]></commentInRDBMS>
<generatorID>74C9C2E2-7055-2D47-ECD0-0D6D5104D5D3</generatorID>
<ownerDesignName>assignment1b_oraclemodel</ownerDesignName>
<referedAttribute>8AF1681A-2032-E4AF-FA23-4DDA8181C28A</referedAttribute>
<useDomainConstraints>false</useDomainConstraints>
<use>1</use>
<logicalDatatype>LOGDT019</logicalDatatype>
<dataTypePrecision>7</dataTypePrecision>
<ownDataTypeParameters>,7,</ownDataTypeParameters>
</Attribute>
<Attribute name="visit_length" id="81F04528-E7F2-4516-D777-18AA07DAEBD1">
<createdBy>iwon0004</createdBy>
<createdTime>2021-04-25 08:46:11 UTC</createdTime>
<commentInRDBMS><![CDATA[Length of visit]]></commentInRDBMS>
<ownerDesignName>assignment1b_oraclemodel</ownerDesignName>
<useDomainConstraints>false</useDomainConstraints>
<use>1</use>
<logicalDatatype>LOGDT024</logicalDatatype>
<dataTypeSize>10</dataTypeSize>
<ownDataTypeParameters>10,,</ownDataTypeParameters>
</Attribute>
<Attribute name="visit_notes" id="FA9343FC-464D-27AD-A79D-CC40D51EB47E">
<createdBy>iwon0004</createdBy>
<createdTime>2021-04-25 08:46:23 UTC</createdTime>
<commentInRDBMS><![CDATA[Notes about the visit (if any)]]></commentInRDBMS>
<ownerDesignName>assignment1b_oraclemodel</ownerDesignName>
<nullsAllowed>true</nullsAllowed>
<useDomainConstraints>false</useDomainConstraints>
<use>1</use>
<logicalDatatype>LOGDT024</logicalDatatype>
<dataTypeSize>50</dataTypeSize>
<ownDataTypeParameters>50,,</ownDataTypeParameters>
</Attribute>
<Attribute name="original_visit_id" id="7D8C93E5-7E17-312C-8DCD-733BCB19CF0B">
<createdBy>iwon0004</createdBy>
<createdTime>2021-04-25 10:44:58 UTC</createdTime>
<commentInRDBMS><![CDATA[Visit ID]]></commentInRDBMS>
<generatorID>B0123395-3F53-6759-FC2E-B68D83AFEF89</generatorID>
<ownerDesignName>assignment1b_oraclemodel</ownerDesignName>
<nullsAllowed>true</nullsAllowed>
<referedAttribute>B45C56AD-4793-0432-9625-D1A1DA346C42</referedAttribute>
<useDomainConstraints>false</useDomainConstraints>
<use>1</use>
<logicalDatatype>LOGDT019</logicalDatatype>
<dataTypePrecision>7</dataTypePrecision>
<ownDataTypeParameters>,7,</ownDataTypeParameters>
</Attribute>
</attributes>
<identifiers itemClass="oracle.dbtools.crest.model.design.logical.CandidateKey">
<identifier id="7245F396-BA9E-3BE8-D814-0313C21C3DC5" name="VISIT PK">
<createdBy>iwon0004</createdBy>
<createdTime>2021-04-25 08:46:06 UTC</createdTime>
<ownerDesignName>assignment1b_oraclemodel</ownerDesignName>
<pk>true</pk>
<usedAttributes>
<attributeRef>B45C56AD-4793-0432-9625-D1A1DA346C42</attributeRef>
</usedAttributes>
</identifier>
<identifier id="AA65DFCC-10FB-451E-6DF8-E4C8E503F7E1" name="VISIT_NK">
<createdBy>iwon0004</createdBy>
<createdTime>2021-04-25 10:07:39 UTC</createdTime>
<ownerDesignName>assignment1b_oraclemodel</ownerDesignName>
<newElementsIDs>F130B9BD-60F5-968A-4C3B-DFF93AD7BDE8,5EEA6AC3-85CF-445D-A65B-C5F5241AD23E</newElementsIDs>
<usedAttributes>
<attributeRef>F130B9BD-60F5-968A-4C3B-DFF93AD7BDE8</attributeRef>
<attributeRef>5EEA6AC3-85CF-445D-A65B-C5F5241AD23E</attributeRef>
</usedAttributes>
</identifier>
</identifiers>
</Entity>
