<?xml version = '1.0' encoding = 'UTF-8'?>
<Entity class="oracle.dbtools.crest.model.design.logical.Entity" directorySegmentName="seg_0" id="4F513056-F157-92CC-97DE-4520E0631090" name="SPECIALISATION">
<createdBy>iwon0004</createdBy>
<createdTime>2021-04-25 07:50:31 UTC</createdTime>
<ownerDesignName>assignment1b_oraclemodel</ownerDesignName>
<engineerTo>
<item key="2970E3E4-ED9A-7D99-44CA-39F474B8F6AF" value="true"/>
</engineerTo>
<adequatelyNormalized>NO</adequatelyNormalized>
<expectedVolumes>0</expectedVolumes>
<fwdEngineeringStrategyName>Single Table</fwdEngineeringStrategyName>
<growthPercent>0</growthPercent>
<growthType>Year</growthType>
<maxVolumes>9999999</maxVolumes>
<minVolumes>0</minVolumes>
<normalForm>Third</normalForm>
<attributes itemClass="oracle.dbtools.crest.model.design.logical.Attribute">
<Attribute name="specialisation_id" id="FA4EDB1B-56BC-30F2-2869-31C676294DEE">
<createdBy>iwon0004</createdBy>
<createdTime>2021-04-25 07:50:42 UTC</createdTime>
<commentInRDBMS><![CDATA[Specialisation ID]]></commentInRDBMS>
<ownerDesignName>assignment1b_oraclemodel</ownerDesignName>
<engineerTo>
<item key="2970E3E4-ED9A-7D99-44CA-39F474B8F6AF" value="true"/>
</engineerTo>
<useDomainConstraints>false</useDomainConstraints>
<use>1</use>
<logicalDatatype>LOGDT019</logicalDatatype>
<dataTypePrecision>7</dataTypePrecision>
<ownDataTypeParameters>,7,</ownDataTypeParameters>
</Attribute>
<Attribute name="specialisation_desc" id="203AE5A7-F97B-B128-76D3-B2259E2B87A6">
<createdBy>iwon0004</createdBy>
<createdTime>2021-04-25 07:50:58 UTC</createdTime>
<commentInRDBMS><![CDATA[Specialisation description]]></commentInRDBMS>
<ownerDesignName>assignment1b_oraclemodel</ownerDesignName>
<engineerTo>
<item key="2970E3E4-ED9A-7D99-44CA-39F474B8F6AF" value="true"/>
</engineerTo>
<useDomainConstraints>false</useDomainConstraints>
<use>1</use>
<ownDataTypeParameters>,,</ownDataTypeParameters>
</Attribute>
</attributes>
<identifiers itemClass="oracle.dbtools.crest.model.design.logical.CandidateKey">
<identifier id="47CD4619-606D-E328-E721-986F472FA61A" name="SPECIALISATION PK">
<createdBy>iwon0004</createdBy>
<createdTime>2021-04-25 07:50:52 UTC</createdTime>
<ownerDesignName>assignment1b_oraclemodel</ownerDesignName>
<engineerTo>
<item key="2970E3E4-ED9A-7D99-44CA-39F474B8F6AF" value="true"/>
</engineerTo>
<pk>true</pk>
<usedAttributes>
<attributeRef>FA4EDB1B-56BC-30F2-2869-31C676294DEE</attributeRef>
</usedAttributes>
</identifier>
</identifiers>
</Entity>
