<?xml version = '1.0' encoding = 'UTF-8'?>
<Entity class="oracle.dbtools.crest.model.design.logical.Entity" directorySegmentName="seg_0" id="50269B04-A550-E53A-0499-065671ACD574" name="SERVICE">
<createdBy>iwon0004</createdBy>
<createdTime>2021-04-25 09:52:47 UTC</createdTime>
<ownerDesignName>assignment1b_oraclemodel</ownerDesignName>
<adequatelyNormalized>NO</adequatelyNormalized>
<expectedVolumes>0</expectedVolumes>
<fwdEngineeringStrategyName>Single Table</fwdEngineeringStrategyName>
<growthPercent>0</growthPercent>
<growthType>Year</growthType>
<maxVolumes>9999999</maxVolumes>
<minVolumes>0</minVolumes>
<normalForm>Third</normalForm>
<attributes itemClass="oracle.dbtools.crest.model.design.logical.Attribute">
<Attribute name="service_id" id="7F0A19E2-8E2E-388A-2A7A-2B5E067BC0D5">
<createdBy>iwon0004</createdBy>
<createdTime>2021-04-25 09:52:52 UTC</createdTime>
<commentInRDBMS><![CDATA[Service ID]]></commentInRDBMS>
<ownerDesignName>assignment1b_oraclemodel</ownerDesignName>
<useDomainConstraints>false</useDomainConstraints>
<use>1</use>
<logicalDatatype>LOGDT019</logicalDatatype>
<dataTypePrecision>7</dataTypePrecision>
<ownDataTypeParameters>,7,</ownDataTypeParameters>
</Attribute>
<Attribute name="service_desc" id="51C2E1B2-2E60-3DD3-8C10-5EFBBB522CF9">
<createdBy>iwon0004</createdBy>
<createdTime>2021-04-25 09:52:52 UTC</createdTime>
<commentInRDBMS><![CDATA[Service description]]></commentInRDBMS>
<ownerDesignName>assignment1b_oraclemodel</ownerDesignName>
<useDomainConstraints>false</useDomainConstraints>
<use>1</use>
<logicalDatatype>LOGDT024</logicalDatatype>
<dataTypeSize>50</dataTypeSize>
<ownDataTypeParameters>50,,</ownDataTypeParameters>
</Attribute>
<Attribute name="service_standard_cost" id="F54171DF-B250-26C8-7AA9-83FDBDB106AF">
<createdBy>iwon0004</createdBy>
<createdTime>2021-04-25 10:17:48 UTC</createdTime>
<commentInRDBMS><![CDATA[Standard cost of the service]]></commentInRDBMS>
<ownerDesignName>assignment1b_oraclemodel</ownerDesignName>
<useDomainConstraints>false</useDomainConstraints>
<use>1</use>
<logicalDatatype>LOGDT019</logicalDatatype>
<dataTypePrecision>6</dataTypePrecision>
<dataTypeScale>2</dataTypeScale>
<ownDataTypeParameters>,6,2</ownDataTypeParameters>
</Attribute>
</attributes>
<identifiers itemClass="oracle.dbtools.crest.model.design.logical.CandidateKey">
<identifier id="1B56F353-0A40-0B68-107E-61A4F53CB44F" name="SERVICE PK">
<createdBy>iwon0004</createdBy>
<createdTime>2021-04-25 09:53:01 UTC</createdTime>
<ownerDesignName>assignment1b_oraclemodel</ownerDesignName>
<pk>true</pk>
<usedAttributes>
<attributeRef>7F0A19E2-8E2E-388A-2A7A-2B5E067BC0D5</attributeRef>
</usedAttributes>
</identifier>
</identifiers>
</Entity>
