<?xml version = '1.0' encoding = 'UTF-8'?>
<Entity class="oracle.dbtools.crest.model.design.logical.Entity" directorySegmentName="seg_0" id="513F1BED-096D-704E-003E-632914B77532" name="DRUG">
<createdBy>iwon0004</createdBy>
<createdTime>2021-04-25 09:50:04 UTC</createdTime>
<ownerDesignName>assignment1b_oraclemodel</ownerDesignName>
<adequatelyNormalized>NO</adequatelyNormalized>
<expectedVolumes>0</expectedVolumes>
<fwdEngineeringStrategyName>Single Table</fwdEngineeringStrategyName>
<growthPercent>0</growthPercent>
<growthType>Year</growthType>
<maxVolumes>9999999</maxVolumes>
<minVolumes>0</minVolumes>
<normalForm>Third</normalForm>
<attributes itemClass="oracle.dbtools.crest.model.design.logical.Attribute">
<Attribute name="drug_id" id="5751BCC3-96CB-7FBD-991D-5C88A82B2C0F">
<createdBy>iwon0004</createdBy>
<createdTime>2021-04-25 09:50:08 UTC</createdTime>
<commentInRDBMS><![CDATA[Drug's ID]]></commentInRDBMS>
<ownerDesignName>assignment1b_oraclemodel</ownerDesignName>
<useDomainConstraints>false</useDomainConstraints>
<use>1</use>
<logicalDatatype>LOGDT019</logicalDatatype>
<dataTypePrecision>7</dataTypePrecision>
<ownDataTypeParameters>,7,</ownDataTypeParameters>
</Attribute>
<Attribute name="drug_name" id="9EA52F69-9F44-EC31-C1AA-889762EE784C">
<createdBy>iwon0004</createdBy>
<createdTime>2021-04-25 09:50:18 UTC</createdTime>
<commentInRDBMS><![CDATA[Drug's name]]></commentInRDBMS>
<ownerDesignName>assignment1b_oraclemodel</ownerDesignName>
<useDomainConstraints>false</useDomainConstraints>
<use>1</use>
<logicalDatatype>LOGDT024</logicalDatatype>
<dataTypeSize>50</dataTypeSize>
<ownDataTypeParameters>50,,</ownDataTypeParameters>
</Attribute>
<Attribute name="drug_instruction" id="C9D4F70F-89B2-6D90-EC04-CF152C117524">
<createdBy>iwon0004</createdBy>
<createdTime>2021-04-25 10:56:56 UTC</createdTime>
<commentInRDBMS><![CDATA[Drug's instruction]]></commentInRDBMS>
<ownerDesignName>assignment1b_oraclemodel</ownerDesignName>
<useDomainConstraints>false</useDomainConstraints>
<use>1</use>
<logicalDatatype>LOGDT024</logicalDatatype>
<dataTypeSize>50</dataTypeSize>
<ownDataTypeParameters>50,,</ownDataTypeParameters>
</Attribute>
<Attribute name="drug_standard_cost" id="75125F43-3C90-D262-22DD-445F2210E0A1">
<createdBy>iwon0004</createdBy>
<createdTime>2021-04-25 10:17:08 UTC</createdTime>
<commentInRDBMS><![CDATA[Standard cost of 1 unit of the drug]]></commentInRDBMS>
<ownerDesignName>assignment1b_oraclemodel</ownerDesignName>
<useDomainConstraints>false</useDomainConstraints>
<use>1</use>
<logicalDatatype>LOGDT019</logicalDatatype>
<dataTypePrecision>6</dataTypePrecision>
<dataTypeScale>2</dataTypeScale>
<ownDataTypeParameters>,6,2</ownDataTypeParameters>
</Attribute>
</attributes>
<identifiers itemClass="oracle.dbtools.crest.model.design.logical.CandidateKey">
<identifier id="1AE43F24-1465-3AFD-A149-363B45DF890A" name="DRUG PK">
<createdBy>iwon0004</createdBy>
<createdTime>2021-04-25 09:50:13 UTC</createdTime>
<ownerDesignName>assignment1b_oraclemodel</ownerDesignName>
<pk>true</pk>
<usedAttributes>
<attributeRef>5751BCC3-96CB-7FBD-991D-5C88A82B2C0F</attributeRef>
</usedAttributes>
</identifier>
</identifiers>
</Entity>
