<?xml version = '1.0' encoding = 'UTF-8'?>
<Entity class="oracle.dbtools.crest.model.design.logical.Entity" directorySegmentName="seg_0" id="54515F39-E135-6FD7-8259-D68634812C07" name="OWNER">
<createdBy>iwon0004</createdBy>
<createdTime>2021-04-25 07:41:57 UTC</createdTime>
<ownerDesignName>assignment1b_oraclemodel</ownerDesignName>
<adequatelyNormalized>NO</adequatelyNormalized>
<expectedVolumes>0</expectedVolumes>
<fwdEngineeringStrategyName>Single Table</fwdEngineeringStrategyName>
<growthPercent>0</growthPercent>
<growthType>Year</growthType>
<maxVolumes>9999999</maxVolumes>
<minVolumes>0</minVolumes>
<normalForm>Third</normalForm>
<attributes itemClass="oracle.dbtools.crest.model.design.logical.Attribute">
<Attribute name="owner_id" id="0C42E3B8-6B3D-EA6E-7449-AB67FF18B168">
<createdBy>iwon0004</createdBy>
<createdTime>2021-04-25 07:42:00 UTC</createdTime>
<commentInRDBMS><![CDATA[Owner's ID]]></commentInRDBMS>
<ownerDesignName>assignment1b_oraclemodel</ownerDesignName>
<useDomainConstraints>false</useDomainConstraints>
<use>1</use>
<logicalDatatype>LOGDT019</logicalDatatype>
<dataTypePrecision>7</dataTypePrecision>
<ownDataTypeParameters>,7,</ownDataTypeParameters>
</Attribute>
<Attribute name="owner_givname" id="F8883062-6EFA-5712-53C6-6DBD71ECAF63">
<createdBy>iwon0004</createdBy>
<createdTime>2021-04-25 07:42:01 UTC</createdTime>
<commentInRDBMS><![CDATA[Owner's given name]]></commentInRDBMS>
<ownerDesignName>assignment1b_oraclemodel</ownerDesignName>
<useDomainConstraints>false</useDomainConstraints>
<use>1</use>
<logicalDatatype>LOGDT024</logicalDatatype>
<dataTypeSize>50</dataTypeSize>
<ownDataTypeParameters>50,,</ownDataTypeParameters>
</Attribute>
<Attribute name="owner_famname" id="5C78449E-06EB-6C1D-7F2A-37ED3E7255D8">
<createdBy>iwon0004</createdBy>
<createdTime>2021-04-25 07:42:17 UTC</createdTime>
<commentInRDBMS><![CDATA[Owner's family name]]></commentInRDBMS>
<ownerDesignName>assignment1b_oraclemodel</ownerDesignName>
<useDomainConstraints>false</useDomainConstraints>
<use>1</use>
<logicalDatatype>LOGDT024</logicalDatatype>
<dataTypeSize>50</dataTypeSize>
<ownDataTypeParameters>50,,</ownDataTypeParameters>
</Attribute>
<Attribute name="owner_street" id="CE244DD6-123C-6810-1A86-1061911FC0C0">
<createdBy>iwon0004</createdBy>
<createdTime>2021-04-25 07:43:01 UTC</createdTime>
<commentInRDBMS><![CDATA[Owner's street name]]></commentInRDBMS>
<ownerDesignName>assignment1b_oraclemodel</ownerDesignName>
<useDomainConstraints>false</useDomainConstraints>
<use>1</use>
<logicalDatatype>LOGDT024</logicalDatatype>
<dataTypeSize>50</dataTypeSize>
<ownDataTypeParameters>50,,</ownDataTypeParameters>
</Attribute>
<Attribute name="owner_town" id="8F06C0CF-006F-1ED6-0AA5-3A1FADF01361">
<createdBy>iwon0004</createdBy>
<createdTime>2021-04-25 07:43:18 UTC</createdTime>
<commentInRDBMS><![CDATA[Owner's town]]></commentInRDBMS>
<ownerDesignName>assignment1b_oraclemodel</ownerDesignName>
<useDomainConstraints>false</useDomainConstraints>
<use>1</use>
<logicalDatatype>LOGDT024</logicalDatatype>
<dataTypeSize>50</dataTypeSize>
<ownDataTypeParameters>50,,</ownDataTypeParameters>
</Attribute>
<Attribute name="owner_postcode" id="D48255DF-759C-583F-A7AB-FC96EDBD28EC">
<createdBy>iwon0004</createdBy>
<createdTime>2021-04-25 07:43:38 UTC</createdTime>
<commentInRDBMS><![CDATA[Owner's postcode]]></commentInRDBMS>
<ownerDesignName>assignment1b_oraclemodel</ownerDesignName>
<useDomainConstraints>false</useDomainConstraints>
<use>1</use>
<logicalDatatype>LOGDT024</logicalDatatype>
<dataTypeSize>4</dataTypeSize>
<ownDataTypeParameters>4,,</ownDataTypeParameters>
</Attribute>
<Attribute name="vet_id" id="B81ADF30-A946-0719-6B63-5B1593E660FF">
<createdBy>iwon0004</createdBy>
<createdTime>2021-04-25 08:39:43 UTC</createdTime>
<commentInRDBMS><![CDATA[Vet's ID]]></commentInRDBMS>
<generatorID>9509B2BB-F759-64A5-345F-3C5FB5AC932C</generatorID>
<ownerDesignName>assignment1b_oraclemodel</ownerDesignName>
<referedAttribute>FAC99F2D-ECE9-64E5-809F-48D80523F301</referedAttribute>
<useDomainConstraints>false</useDomainConstraints>
<use>1</use>
<logicalDatatype>LOGDT019</logicalDatatype>
<dataTypePrecision>7</dataTypePrecision>
<ownDataTypeParameters>,,</ownDataTypeParameters>
</Attribute>
</attributes>
<identifiers itemClass="oracle.dbtools.crest.model.design.logical.CandidateKey">
<identifier id="B66CF9E7-2CD9-A591-ECFF-C2C292BC0CFC" name="OWNER PK">
<createdBy>iwon0004</createdBy>
<createdTime>2021-04-25 07:42:09 UTC</createdTime>
<ownerDesignName>assignment1b_oraclemodel</ownerDesignName>
<pk>true</pk>
<usedAttributes>
<attributeRef>0C42E3B8-6B3D-EA6E-7449-AB67FF18B168</attributeRef>
</usedAttributes>
</identifier>
</identifiers>
</Entity>
