<?xml version = '1.0' encoding = 'UTF-8'?>
<Entity class="oracle.dbtools.crest.model.design.logical.Entity" directorySegmentName="seg_0" id="7299C1C9-5AB9-B1AA-DB1B-1392B152CBDB" name="DRUG_LINE">
<createdBy>iwon0004</createdBy>
<createdTime>2021-04-25 13:56:39 UTC</createdTime>
<ownerDesignName>assignment1b_oraclemodel</ownerDesignName>
<adequatelyNormalized>NO</adequatelyNormalized>
<expectedVolumes>0</expectedVolumes>
<fwdEngineeringStrategyName>Single Table</fwdEngineeringStrategyName>
<growthPercent>0</growthPercent>
<growthType>Year</growthType>
<maxVolumes>9999999</maxVolumes>
<minVolumes>0</minVolumes>
<normalForm>Third</normalForm>
<attributes itemClass="oracle.dbtools.crest.model.design.logical.Attribute">
<Attribute name="invoice_id" id="FF8EA6A9-0F4D-2C54-BCE6-29ACD4260ADB">
<createdBy>iwon0004</createdBy>
<createdTime>2021-04-26 06:19:03 UTC</createdTime>
<commentInRDBMS><![CDATA[Invoice's ID]]></commentInRDBMS>
<generatorID>7396DB95-F9FC-2004-71C5-E37BCE0D029C</generatorID>
<ownerDesignName>assignment1b_oraclemodel</ownerDesignName>
<referedAttribute>AAE55B01-C7D1-A788-63FF-85DFDAC3F883</referedAttribute>
<useDomainConstraints>false</useDomainConstraints>
<use>1</use>
<logicalDatatype>LOGDT019</logicalDatatype>
<dataTypePrecision>7</dataTypePrecision>
<ownDataTypeParameters>,,</ownDataTypeParameters>
</Attribute>
<Attribute name="drug_id" id="2B6C1963-C920-D7F2-C72C-11588576CB36">
<createdBy>iwon0004</createdBy>
<createdTime>2021-04-26 06:26:31 UTC</createdTime>
<commentInRDBMS><![CDATA[Drug's ID]]></commentInRDBMS>
<generatorID>A3011408-DD46-7E2F-FCD3-10B4A8418B45</generatorID>
<ownerDesignName>assignment1b_oraclemodel</ownerDesignName>
<referedAttribute>70CDDBBF-12C2-6512-A70C-E27430D04C4A</referedAttribute>
<useDomainConstraints>false</useDomainConstraints>
<use>1</use>
<logicalDatatype>LOGDT019</logicalDatatype>
<dataTypePrecision>7</dataTypePrecision>
<ownDataTypeParameters>,,</ownDataTypeParameters>
</Attribute>
<Attribute name="visit_id" id="B3391B0F-EE1C-B5A2-7606-672ADE0CF93C">
<createdBy>iwon0004</createdBy>
<createdTime>2021-04-26 06:26:31 UTC</createdTime>
<commentInRDBMS><![CDATA[Visit ID]]></commentInRDBMS>
<generatorID>A3011408-DD46-7E2F-FCD3-10B4A8418B45</generatorID>
<ownerDesignName>assignment1b_oraclemodel</ownerDesignName>
<nullsAllowed>true</nullsAllowed>
<referedAttribute>0374538C-57F6-FC93-42FF-913B7CD56618</referedAttribute>
<useDomainConstraints>false</useDomainConstraints>
<use>1</use>
<logicalDatatype>LOGDT019</logicalDatatype>
<dataTypePrecision>7</dataTypePrecision>
<ownDataTypeParameters>,,</ownDataTypeParameters>
</Attribute>
<Attribute name="dl_qty" id="1BAED47B-CA3B-694C-726C-01036A6571D8">
<createdBy>iwon0004</createdBy>
<createdTime>2021-04-25 13:56:49 UTC</createdTime>
<commentInRDBMS><![CDATA[Drug line quantity]]></commentInRDBMS>
<ownerDesignName>assignment1b_oraclemodel</ownerDesignName>
<useDomainConstraints>false</useDomainConstraints>
<use>1</use>
<logicalDatatype>LOGDT019</logicalDatatype>
<dataTypePrecision>4</dataTypePrecision>
<ownDataTypeParameters>,4,</ownDataTypeParameters>
</Attribute>
<Attribute name="dl_cost_change" id="DD1D8E15-F045-4587-8A46-F8944143B152">
<createdBy>iwon0004</createdBy>
<createdTime>2021-04-25 13:56:54 UTC</createdTime>
<commentInRDBMS><![CDATA[Drug line quantity]]></commentInRDBMS>
<ownerDesignName>assignment1b_oraclemodel</ownerDesignName>
<useDomainConstraints>false</useDomainConstraints>
<use>1</use>
<logicalDatatype>LOGDT019</logicalDatatype>
<dataTypePrecision>6</dataTypePrecision>
<dataTypeScale>2</dataTypeScale>
<ownDataTypeParameters>,6,2</ownDataTypeParameters>
</Attribute>
<Attribute name="dl_cost" id="74B3B27B-CEF1-FCD2-4309-4B7EBCA30940">
<createdBy>iwon0004</createdBy>
<createdTime>2021-04-25 13:57:00 UTC</createdTime>
<commentInRDBMS><![CDATA[Drug line cost]]></commentInRDBMS>
<ownerDesignName>assignment1b_oraclemodel</ownerDesignName>
<useDomainConstraints>false</useDomainConstraints>
<use>1</use>
<logicalDatatype>LOGDT019</logicalDatatype>
<dataTypePrecision>6</dataTypePrecision>
<dataTypeScale>2</dataTypeScale>
<ownDataTypeParameters>,6,2</ownDataTypeParameters>
</Attribute>
</attributes>
<identifiers itemClass="oracle.dbtools.crest.model.design.logical.CandidateKey">
<identifier id="C5DE1359-EC53-3193-DADC-77BA86012D7C" name="DRUG_LINE PK">
<createdBy>iwon0004</createdBy>
<createdTime>2021-04-25 14:00:38 UTC</createdTime>
<ownerDesignName>assignment1b_oraclemodel</ownerDesignName>
<pk>true</pk>
<usedAttributes>
<attributeRef>FF8EA6A9-0F4D-2C54-BCE6-29ACD4260ADB</attributeRef>
<attributeRef>2B6C1963-C920-D7F2-C72C-11588576CB36</attributeRef>
</usedAttributes>
</identifier>
</identifiers>
</Entity>
