<?xml version = '1.0' encoding = 'UTF-8'?>
<Entity class="oracle.dbtools.crest.model.design.logical.Entity" directorySegmentName="seg_0" id="7616F06F-6AF2-1B5F-4701-F34569D4ED92" name="PET_TYPE">
<createdBy>iwon0004</createdBy>
<createdTime>2021-04-25 07:46:06 UTC</createdTime>
<ownerDesignName>assignment1b_oraclemodel</ownerDesignName>
<engineerTo>
<item key="2970E3E4-ED9A-7D99-44CA-39F474B8F6AF" value="true"/>
</engineerTo>
<adequatelyNormalized>NO</adequatelyNormalized>
<expectedVolumes>0</expectedVolumes>
<fwdEngineeringStrategyName>Single Table</fwdEngineeringStrategyName>
<growthPercent>0</growthPercent>
<growthType>Year</growthType>
<maxVolumes>9999999</maxVolumes>
<minVolumes>0</minVolumes>
<normalForm>Third</normalForm>
<attributes itemClass="oracle.dbtools.crest.model.design.logical.Attribute">
<Attribute name="pet_type_id" id="FC7BB98B-E9D6-0DD0-46FE-772AC8C44B2A">
<createdBy>iwon0004</createdBy>
<createdTime>2021-04-25 07:46:12 UTC</createdTime>
<commentInRDBMS><![CDATA[Pet type ID]]></commentInRDBMS>
<ownerDesignName>assignment1b_oraclemodel</ownerDesignName>
<engineerTo>
<item key="2970E3E4-ED9A-7D99-44CA-39F474B8F6AF" value="true"/>
</engineerTo>
<useDomainConstraints>false</useDomainConstraints>
<use>1</use>
<logicalDatatype>LOGDT019</logicalDatatype>
<dataTypePrecision>7</dataTypePrecision>
<ownDataTypeParameters>,7,</ownDataTypeParameters>
</Attribute>
<Attribute name="pet_type_desc" id="CCE41D64-C75A-DEA6-93B8-BCF73698520F">
<createdBy>iwon0004</createdBy>
<createdTime>2021-04-25 07:46:17 UTC</createdTime>
<commentInRDBMS><![CDATA[Pet type description]]></commentInRDBMS>
<ownerDesignName>assignment1b_oraclemodel</ownerDesignName>
<engineerTo>
<item key="2970E3E4-ED9A-7D99-44CA-39F474B8F6AF" value="true"/>
</engineerTo>
<useDomainConstraints>false</useDomainConstraints>
<use>1</use>
<logicalDatatype>LOGDT024</logicalDatatype>
<dataTypeSize>50</dataTypeSize>
<ownDataTypeParameters>50,,</ownDataTypeParameters>
</Attribute>
</attributes>
<identifiers itemClass="oracle.dbtools.crest.model.design.logical.CandidateKey">
<identifier id="D6BBFFA3-A1EF-C01C-70F7-76E54FA49DD4" name="PET_TYPE PK">
<createdBy>iwon0004</createdBy>
<createdTime>2021-04-25 07:46:45 UTC</createdTime>
<ownerDesignName>assignment1b_oraclemodel</ownerDesignName>
<engineerTo>
<item key="2970E3E4-ED9A-7D99-44CA-39F474B8F6AF" value="true"/>
</engineerTo>
<pk>true</pk>
<usedAttributes>
<attributeRef>FC7BB98B-E9D6-0DD0-46FE-772AC8C44B2A</attributeRef>
</usedAttributes>
</identifier>
</identifiers>
</Entity>
