<?xml version = '1.0' encoding = 'UTF-8'?>
<Entity class="oracle.dbtools.crest.model.design.logical.Entity" directorySegmentName="seg_0" id="7DB7A941-40FC-7E26-D797-E8967E6950AE" name="CLINIC">
<createdBy>iwon0004</createdBy>
<createdTime>2021-04-25 08:41:54 UTC</createdTime>
<ownerDesignName>assignment1b_oraclemodel</ownerDesignName>
<adequatelyNormalized>NO</adequatelyNormalized>
<expectedVolumes>0</expectedVolumes>
<fwdEngineeringStrategyName>Single Table</fwdEngineeringStrategyName>
<growthPercent>0</growthPercent>
<growthType>Year</growthType>
<maxVolumes>9999999</maxVolumes>
<minVolumes>0</minVolumes>
<normalForm>Third</normalForm>
<attributes itemClass="oracle.dbtools.crest.model.design.logical.Attribute">
<Attribute name="clinic_id" id="614DBC4A-188B-F265-B58A-68FC7DF1EAA2">
<createdBy>iwon0004</createdBy>
<createdTime>2021-04-25 08:42:00 UTC</createdTime>
<commentInRDBMS><![CDATA[Clinic's ID]]></commentInRDBMS>
<ownerDesignName>assignment1b_oraclemodel</ownerDesignName>
<useDomainConstraints>false</useDomainConstraints>
<use>1</use>
<logicalDatatype>LOGDT019</logicalDatatype>
<dataTypePrecision>7</dataTypePrecision>
<ownDataTypeParameters>,7,</ownDataTypeParameters>
</Attribute>
<Attribute name="clinic_name" id="65B7B47F-C54F-8F39-CBB8-5FD689F19668">
<createdBy>iwon0004</createdBy>
<createdTime>2021-04-25 08:42:04 UTC</createdTime>
<commentInRDBMS><![CDATA[Clinic's name]]></commentInRDBMS>
<ownerDesignName>assignment1b_oraclemodel</ownerDesignName>
<useDomainConstraints>false</useDomainConstraints>
<use>1</use>
<logicalDatatype>LOGDT024</logicalDatatype>
<dataTypeSize>50</dataTypeSize>
<ownDataTypeParameters>50,,</ownDataTypeParameters>
</Attribute>
<Attribute name="clinic_address" id="5C457400-8FE9-0930-64F7-153BDFCA0671">
<createdBy>iwon0004</createdBy>
<createdTime>2021-04-25 08:42:10 UTC</createdTime>
<commentInRDBMS><![CDATA[Clinic's Address]]></commentInRDBMS>
<ownerDesignName>assignment1b_oraclemodel</ownerDesignName>
<useDomainConstraints>false</useDomainConstraints>
<use>1</use>
<logicalDatatype>LOGDT024</logicalDatatype>
<dataTypeSize>50</dataTypeSize>
<ownDataTypeParameters>50,,</ownDataTypeParameters>
</Attribute>
<Attribute name="clinic_phone" id="36E91CB3-AFC0-7834-A6B7-CB02E050229F">
<createdBy>iwon0004</createdBy>
<createdTime>2021-04-25 08:42:25 UTC</createdTime>
<commentInRDBMS><![CDATA[Clinic's phone number]]></commentInRDBMS>
<ownerDesignName>assignment1b_oraclemodel</ownerDesignName>
<useDomainConstraints>false</useDomainConstraints>
<use>1</use>
<logicalDatatype>LOGDT024</logicalDatatype>
<dataTypeSize>10</dataTypeSize>
<ownDataTypeParameters>10,,</ownDataTypeParameters>
</Attribute>
</attributes>
<identifiers itemClass="oracle.dbtools.crest.model.design.logical.CandidateKey">
<identifier id="022DA979-A0D0-B57F-314D-8FEA179509EE" name="CLINIC PK">
<createdBy>iwon0004</createdBy>
<createdTime>2021-04-25 08:42:36 UTC</createdTime>
<ownerDesignName>assignment1b_oraclemodel</ownerDesignName>
<pk>true</pk>
<usedAttributes>
<attributeRef>614DBC4A-188B-F265-B58A-68FC7DF1EAA2</attributeRef>
</usedAttributes>
</identifier>
</identifiers>
</Entity>
