<?xml version = '1.0' encoding = 'UTF-8'?>
<Entity class="oracle.dbtools.crest.model.design.logical.Entity" directorySegmentName="seg_0" id="AD0B683E-921B-1A35-1C73-A50752AD742B" name="PRESCRIPTION">
<createdBy>iwon0004</createdBy>
<createdTime>2021-04-25 13:23:49 UTC</createdTime>
<ownerDesignName>assignment1b_oraclemodel</ownerDesignName>
<adequatelyNormalized>NO</adequatelyNormalized>
<expectedVolumes>0</expectedVolumes>
<fwdEngineeringStrategyName>Single Table</fwdEngineeringStrategyName>
<growthPercent>0</growthPercent>
<growthType>Year</growthType>
<maxVolumes>9999999</maxVolumes>
<minVolumes>0</minVolumes>
<normalForm>Third</normalForm>
<attributes itemClass="oracle.dbtools.crest.model.design.logical.Attribute">
<Attribute name="visit_id" id="0374538C-57F6-FC93-42FF-913B7CD56618">
<createdBy>iwon0004</createdBy>
<createdTime>2021-04-26 06:24:47 UTC</createdTime>
<commentInRDBMS><![CDATA[Visit ID]]></commentInRDBMS>
<generatorID>36C56A5A-CCF7-061A-44FA-433300CCF703</generatorID>
<ownerDesignName>assignment1b_oraclemodel</ownerDesignName>
<referedAttribute>B45C56AD-4793-0432-9625-D1A1DA346C42</referedAttribute>
<useDomainConstraints>false</useDomainConstraints>
<use>1</use>
<logicalDatatype>LOGDT019</logicalDatatype>
<dataTypePrecision>7</dataTypePrecision>
<ownDataTypeParameters>,,</ownDataTypeParameters>
</Attribute>
<Attribute name="drug_id" id="70CDDBBF-12C2-6512-A70C-E27430D04C4A">
<createdBy>iwon0004</createdBy>
<createdTime>2021-04-26 06:25:18 UTC</createdTime>
<commentInRDBMS><![CDATA[Drug's ID]]></commentInRDBMS>
<generatorID>7267709F-2CC1-B4D6-E95F-C8E8C8401350</generatorID>
<ownerDesignName>assignment1b_oraclemodel</ownerDesignName>
<referedAttribute>5751BCC3-96CB-7FBD-991D-5C88A82B2C0F</referedAttribute>
<useDomainConstraints>false</useDomainConstraints>
<use>1</use>
<logicalDatatype>LOGDT019</logicalDatatype>
<dataTypePrecision>7</dataTypePrecision>
<ownDataTypeParameters>,,</ownDataTypeParameters>
</Attribute>
<Attribute name="prescription_dose" id="2355CDA3-DDE2-5F18-1A85-3F51E2B5756D">
<createdBy>iwon0004</createdBy>
<createdTime>2021-04-25 13:23:57 UTC</createdTime>
<commentInRDBMS><![CDATA[prescribed drug dose]]></commentInRDBMS>
<ownerDesignName>assignment1b_oraclemodel</ownerDesignName>
<useDomainConstraints>false</useDomainConstraints>
<use>1</use>
<logicalDatatype>LOGDT024</logicalDatatype>
<dataTypeSize>50</dataTypeSize>
<ownDataTypeParameters>50,,</ownDataTypeParameters>
</Attribute>
<Attribute name="prescription_frequency" id="50E1D5D6-1635-27C6-A3A6-4BD48A343CC4">
<createdBy>iwon0004</createdBy>
<createdTime>2021-04-25 13:24:03 UTC</createdTime>
<commentInRDBMS><![CDATA[prescribed drug frequency]]></commentInRDBMS>
<ownerDesignName>assignment1b_oraclemodel</ownerDesignName>
<useDomainConstraints>false</useDomainConstraints>
<use>1</use>
<logicalDatatype>LOGDT024</logicalDatatype>
<dataTypeSize>50</dataTypeSize>
<ownDataTypeParameters>50,,</ownDataTypeParameters>
</Attribute>
</attributes>
<identifiers itemClass="oracle.dbtools.crest.model.design.logical.CandidateKey">
<identifier id="11FCB6EA-B47F-BC6A-9548-2DA9E1C364E2" name="PRESCRIPTION PK">
<createdBy>iwon0004</createdBy>
<createdTime>2021-04-25 13:25:16 UTC</createdTime>
<ownerDesignName>assignment1b_oraclemodel</ownerDesignName>
<pk>true</pk>
<usedAttributes>
<attributeRef>0374538C-57F6-FC93-42FF-913B7CD56618</attributeRef>
<attributeRef>70CDDBBF-12C2-6512-A70C-E27430D04C4A</attributeRef>
</usedAttributes>
</identifier>
</identifiers>
</Entity>
