<?xml version = '1.0' encoding = 'UTF-8'?>
<Entity class="oracle.dbtools.crest.model.design.logical.Entity" directorySegmentName="seg_0" id="D40D5293-0C0E-5BF7-5461-65116CB592A9" name="VET">
<createdBy>iwon0004</createdBy>
<createdTime>2021-04-25 07:48:35 UTC</createdTime>
<ownerDesignName>assignment1b_oraclemodel</ownerDesignName>
<engineerTo>
<item key="2970E3E4-ED9A-7D99-44CA-39F474B8F6AF" value="true"/>
</engineerTo>
<adequatelyNormalized>NO</adequatelyNormalized>
<expectedVolumes>0</expectedVolumes>
<fwdEngineeringStrategyName>Single Table</fwdEngineeringStrategyName>
<growthPercent>0</growthPercent>
<growthType>Year</growthType>
<maxVolumes>9999999</maxVolumes>
<minVolumes>0</minVolumes>
<normalForm>Third</normalForm>
<attributes itemClass="oracle.dbtools.crest.model.design.logical.Attribute">
<Attribute name="vet_id" id="FAC99F2D-ECE9-64E5-809F-48D80523F301">
<createdBy>iwon0004</createdBy>
<createdTime>2021-04-25 07:48:40 UTC</createdTime>
<commentInRDBMS><![CDATA[Vet's ID]]></commentInRDBMS>
<ownerDesignName>assignment1b_oraclemodel</ownerDesignName>
<engineerTo>
<item key="2970E3E4-ED9A-7D99-44CA-39F474B8F6AF" value="true"/>
</engineerTo>
<useDomainConstraints>false</useDomainConstraints>
<use>1</use>
<logicalDatatype>LOGDT019</logicalDatatype>
<dataTypePrecision>7</dataTypePrecision>
<ownDataTypeParameters>,7,</ownDataTypeParameters>
</Attribute>
<Attribute name="clinic_id" id="4DD6910E-D656-81D0-97FE-729CB5A7612C">
<createdBy>iwon0004</createdBy>
<createdTime>2021-04-25 08:44:03 UTC</createdTime>
<commentInRDBMS><![CDATA[Clinic's ID]]></commentInRDBMS>
<generatorID>D3824F88-70CD-72C1-46C7-E8094B9499C4</generatorID>
<ownerDesignName>assignment1b_oraclemodel</ownerDesignName>
<engineerTo>
<item key="2970E3E4-ED9A-7D99-44CA-39F474B8F6AF" value="true"/>
</engineerTo>
<referedAttribute>614DBC4A-188B-F265-B58A-68FC7DF1EAA2</referedAttribute>
<useDomainConstraints>false</useDomainConstraints>
<use>1</use>
<logicalDatatype>LOGDT019</logicalDatatype>
<dataTypePrecision>7</dataTypePrecision>
<ownDataTypeParameters>,,</ownDataTypeParameters>
</Attribute>
<Attribute name="vet_givname" id="9BFC2B21-51B5-FB1A-BA5D-1AAEA105B0B2">
<createdBy>iwon0004</createdBy>
<createdTime>2021-04-25 07:48:53 UTC</createdTime>
<commentInRDBMS><![CDATA[Vet's given name]]></commentInRDBMS>
<ownerDesignName>assignment1b_oraclemodel</ownerDesignName>
<engineerTo>
<item key="2970E3E4-ED9A-7D99-44CA-39F474B8F6AF" value="true"/>
</engineerTo>
<useDomainConstraints>false</useDomainConstraints>
<use>1</use>
<logicalDatatype>LOGDT024</logicalDatatype>
<dataTypeSize>50</dataTypeSize>
<ownDataTypeParameters>50,,</ownDataTypeParameters>
</Attribute>
<Attribute name="vet_famname" id="870AFC81-F71B-B973-0A62-0FDA56877283">
<createdBy>iwon0004</createdBy>
<createdTime>2021-04-25 07:49:02 UTC</createdTime>
<commentInRDBMS><![CDATA[Vet's family name]]></commentInRDBMS>
<ownerDesignName>assignment1b_oraclemodel</ownerDesignName>
<engineerTo>
<item key="2970E3E4-ED9A-7D99-44CA-39F474B8F6AF" value="true"/>
</engineerTo>
<useDomainConstraints>false</useDomainConstraints>
<use>1</use>
<logicalDatatype>LOGDT024</logicalDatatype>
<dataTypeSize>50</dataTypeSize>
<ownDataTypeParameters>50,,</ownDataTypeParameters>
</Attribute>
<Attribute name="vet_phone" id="C129E26F-770B-4B10-6CE2-26B21344FD14">
<createdBy>iwon0004</createdBy>
<createdTime>2021-04-25 07:49:28 UTC</createdTime>
<commentInRDBMS><![CDATA[Vet's phone number]]></commentInRDBMS>
<ownerDesignName>assignment1b_oraclemodel</ownerDesignName>
<engineerTo>
<item key="2970E3E4-ED9A-7D99-44CA-39F474B8F6AF" value="true"/>
</engineerTo>
<useDomainConstraints>false</useDomainConstraints>
<use>1</use>
<logicalDatatype>LOGDT024</logicalDatatype>
<dataTypeSize>10</dataTypeSize>
<ownDataTypeParameters>10,,</ownDataTypeParameters>
</Attribute>
<Attribute name="vet_employdate" id="812C7DFF-A38C-B1D8-FE07-90ED3AE5AF46">
<createdBy>iwon0004</createdBy>
<createdTime>2021-04-25 07:49:58 UTC</createdTime>
<commentInRDBMS><![CDATA[Vet's employment date]]></commentInRDBMS>
<ownerDesignName>assignment1b_oraclemodel</ownerDesignName>
<engineerTo>
<item key="2970E3E4-ED9A-7D99-44CA-39F474B8F6AF" value="true"/>
</engineerTo>
<useDomainConstraints>false</useDomainConstraints>
<use>1</use>
<logicalDatatype>LOGDT007</logicalDatatype>
<ownDataTypeParameters>,,</ownDataTypeParameters>
</Attribute>
<Attribute name="specialisation_id" id="390BCBB5-ECF4-33FF-8578-29CD4FD5979A">
<createdBy>iwon0004</createdBy>
<createdTime>2021-04-25 08:40:57 UTC</createdTime>
<commentInRDBMS><![CDATA[Specialisation ID]]></commentInRDBMS>
<generatorID>55CAE350-171F-3C36-40D3-DDE8EA7BB85C</generatorID>
<ownerDesignName>assignment1b_oraclemodel</ownerDesignName>
<engineerTo>
<item key="2970E3E4-ED9A-7D99-44CA-39F474B8F6AF" value="true"/>
</engineerTo>
<nullsAllowed>true</nullsAllowed>
<referedAttribute>FA4EDB1B-56BC-30F2-2869-31C676294DEE</referedAttribute>
<useDomainConstraints>false</useDomainConstraints>
<use>1</use>
<logicalDatatype>LOGDT019</logicalDatatype>
<dataTypePrecision>7</dataTypePrecision>
<ownDataTypeParameters>,,</ownDataTypeParameters>
</Attribute>
<Attribute name="specialist_visit_count" id="671B307C-9174-854A-8ED0-050E6BD007A8">
<createdBy>iwon0004</createdBy>
<createdTime>2021-04-26 06:35:01 UTC</createdTime>
<commentInRDBMS><![CDATA[how many times a specialist vet has serviced a visit that is not their home clinic]]></commentInRDBMS>
<ownerDesignName>assignment1b_oraclemodel</ownerDesignName>
<engineerTo>
<item key="2970E3E4-ED9A-7D99-44CA-39F474B8F6AF" value="true"/>
</engineerTo>
<nullsAllowed>true</nullsAllowed>
<useDomainConstraints>false</useDomainConstraints>
<use>1</use>
<logicalDatatype>LOGDT019</logicalDatatype>
<dataTypePrecision>5</dataTypePrecision>
<ownDataTypeParameters>,5,</ownDataTypeParameters>
</Attribute>
</attributes>
<identifiers itemClass="oracle.dbtools.crest.model.design.logical.CandidateKey">
<identifier id="40CED876-82EA-E292-AD9C-9F85CC6AFA23" name="VET PK">
<createdBy>iwon0004</createdBy>
<createdTime>2021-04-25 07:48:47 UTC</createdTime>
<ownerDesignName>assignment1b_oraclemodel</ownerDesignName>
<engineerTo>
<item key="2970E3E4-ED9A-7D99-44CA-39F474B8F6AF" value="true"/>
</engineerTo>
<pk>true</pk>
<usedAttributes>
<attributeRef>FAC99F2D-ECE9-64E5-809F-48D80523F301</attributeRef>
</usedAttributes>
</identifier>
</identifiers>
</Entity>
