<?xml version = '1.0' encoding = 'UTF-8'?>
<Entity class="oracle.dbtools.crest.model.design.logical.Entity" directorySegmentName="seg_0" id="F3835F13-2A10-4A59-C013-C58181F43F66" name="INVOICE">
<createdBy>iwon0004</createdBy>
<createdTime>2021-04-25 08:55:27 UTC</createdTime>
<ownerDesignName>assignment1b_oraclemodel</ownerDesignName>
<adequatelyNormalized>NO</adequatelyNormalized>
<expectedVolumes>0</expectedVolumes>
<fwdEngineeringStrategyName>Single Table</fwdEngineeringStrategyName>
<growthPercent>0</growthPercent>
<growthType>Year</growthType>
<maxVolumes>9999999</maxVolumes>
<minVolumes>0</minVolumes>
<normalForm>Third</normalForm>
<attributes itemClass="oracle.dbtools.crest.model.design.logical.Attribute">
<Attribute name="invoice_id" id="AAE55B01-C7D1-A788-63FF-85DFDAC3F883">
<createdBy>iwon0004</createdBy>
<createdTime>2021-04-26 06:18:27 UTC</createdTime>
<commentInRDBMS><![CDATA[Invoice's ID]]></commentInRDBMS>
<ownerDesignName>assignment1b_oraclemodel</ownerDesignName>
<useDomainConstraints>false</useDomainConstraints>
<use>1</use>
<logicalDatatype>LOGDT019</logicalDatatype>
<dataTypePrecision>7</dataTypePrecision>
<ownDataTypeParameters>,7,</ownDataTypeParameters>
</Attribute>
<Attribute name="visit_id" id="E4F9FA78-87FE-DC8D-4F0E-691877BA72FA">
<createdBy>iwon0004</createdBy>
<createdTime>2021-04-25 10:07:23 UTC</createdTime>
<commentInRDBMS><![CDATA[Visit ID]]></commentInRDBMS>
<generatorID>04E6E8DD-BE7D-ED72-A1A0-38731B39E95D</generatorID>
<ownerDesignName>assignment1b_oraclemodel</ownerDesignName>
<referedAttribute>B45C56AD-4793-0432-9625-D1A1DA346C42</referedAttribute>
<useDomainConstraints>false</useDomainConstraints>
<use>1</use>
<logicalDatatype>LOGDT019</logicalDatatype>
<dataTypePrecision>7</dataTypePrecision>
<ownDataTypeParameters>,,</ownDataTypeParameters>
</Attribute>
<Attribute name="invoice_cost" id="B7DD299E-6E22-878D-9DAD-4ACE8C8288D8">
<createdBy>iwon0004</createdBy>
<createdTime>2021-04-25 08:55:40 UTC</createdTime>
<commentInRDBMS><![CDATA[Total cost of invoice]]></commentInRDBMS>
<ownerDesignName>assignment1b_oraclemodel</ownerDesignName>
<useDomainConstraints>false</useDomainConstraints>
<use>1</use>
<logicalDatatype>LOGDT019</logicalDatatype>
<dataTypePrecision>6</dataTypePrecision>
<dataTypeScale>2</dataTypeScale>
<ownDataTypeParameters>,6,2</ownDataTypeParameters>
</Attribute>
<Attribute name="invoice_payment_type" id="E22FED37-9B1D-164A-C6E9-BFC831934D16">
<createdBy>iwon0004</createdBy>
<createdTime>2021-04-25 10:14:09 UTC</createdTime>
<commentInRDBMS><![CDATA[How payment was made, C = Cash | E = EFT]]></commentInRDBMS>
<ownerDesignName>assignment1b_oraclemodel</ownerDesignName>
<useDomainConstraints>false</useDomainConstraints>
<use>1</use>
<logicalDatatype>LOGDT025</logicalDatatype>
<dataTypeSize>1</dataTypeSize>
<listOfValues>
<valueDef value="C" description="Cash"/>
<valueDef value="E" description="EFT"/>
</listOfValues>
<ownDataTypeParameters>1,,</ownDataTypeParameters>
</Attribute>
</attributes>
<identifiers itemClass="oracle.dbtools.crest.model.design.logical.CandidateKey">
<identifier id="7A8F0030-17D7-8A70-3FC9-DB779B95456C" name="INVOICE PK">
<createdBy>iwon0004</createdBy>
<createdTime>2021-04-25 09:00:09 UTC</createdTime>
<ownerDesignName>assignment1b_oraclemodel</ownerDesignName>
<pk>true</pk>
<usedAttributes>
<attributeRef>AAE55B01-C7D1-A788-63FF-85DFDAC3F883</attributeRef>
</usedAttributes>
</identifier>
<identifier id="C4E75C2D-D08C-534F-CE23-3855878CC39C" name="INVOICE_NK">
<createdBy>iwon0004</createdBy>
<createdTime>2021-04-26 06:18:40 UTC</createdTime>
<ownerDesignName>assignment1b_oraclemodel</ownerDesignName>
<newElementsIDs>E4F9FA78-87FE-DC8D-4F0E-691877BA72FA</newElementsIDs>
<usedAttributes>
<attributeRef>E4F9FA78-87FE-DC8D-4F0E-691877BA72FA</attributeRef>
</usedAttributes>
</identifier>
</identifiers>
</Entity>
