<?xml version = '1.0' encoding = 'UTF-8'?>
<Entity class="oracle.dbtools.crest.model.design.logical.Entity" directorySegmentName="seg_0" id="29DB872C-EA3A-1D97-68E0-1D841C31B2DC" name="OWNER">
<createdBy>iwon0004</createdBy>
<createdTime>2021-04-25 02:48:04 UTC</createdTime>
<ownerDesignName>assignment1b_oraclemodel</ownerDesignName>
<engineerTo>
<item key="5741DB12-2C93-DE6C-9CDD-3A09A1034E4F" value="true"/>
</engineerTo>
<adequatelyNormalized>NO</adequatelyNormalized>
<expectedVolumes>0</expectedVolumes>
<fwdEngineeringStrategyName>Single Table</fwdEngineeringStrategyName>
<growthPercent>0</growthPercent>
<growthType>Year</growthType>
<maxVolumes>9999999</maxVolumes>
<minVolumes>0</minVolumes>
<normalForm>Third</normalForm>
<attributes itemClass="oracle.dbtools.crest.model.design.logical.Attribute">
<Attribute name="owner_id" id="53F41F5C-7469-0EFF-8E37-FAE62C763B8F">
<createdBy>iwon0004</createdBy>
<createdTime>2021-04-25 02:55:23 UTC</createdTime>
<commentInRDBMS><![CDATA[Owner's ID]]></commentInRDBMS>
<ownerDesignName>assignment1b_oraclemodel</ownerDesignName>
<engineerTo>
<item key="5741DB12-2C93-DE6C-9CDD-3A09A1034E4F" value="true"/>
</engineerTo>
<useDomainConstraints>false</useDomainConstraints>
<use>1</use>
<logicalDatatype>LOGDT019</logicalDatatype>
<dataTypePrecision>7</dataTypePrecision>
<ownDataTypeParameters>,7,</ownDataTypeParameters>
</Attribute>
<Attribute name="owner_givname" id="0EE45AD9-319F-C4FB-9D40-C64532CDDF00">
<createdBy>iwon0004</createdBy>
<createdTime>2021-04-25 02:55:25 UTC</createdTime>
<commentInRDBMS><![CDATA[Owner's given name]]></commentInRDBMS>
<ownerDesignName>assignment1b_oraclemodel</ownerDesignName>
<engineerTo>
<item key="5741DB12-2C93-DE6C-9CDD-3A09A1034E4F" value="true"/>
</engineerTo>
<useDomainConstraints>false</useDomainConstraints>
<use>1</use>
<logicalDatatype>LOGDT024</logicalDatatype>
<dataTypeSize>50</dataTypeSize>
<ownDataTypeParameters>50,,</ownDataTypeParameters>
</Attribute>
<Attribute name="owner_famname" id="CF0448A7-14A8-E8C8-105A-E30B4EE0F605">
<createdBy>iwon0004</createdBy>
<createdTime>2021-04-25 02:55:29 UTC</createdTime>
<commentInRDBMS><![CDATA[Owner's family name]]></commentInRDBMS>
<ownerDesignName>assignment1b_oraclemodel</ownerDesignName>
<engineerTo>
<item key="5741DB12-2C93-DE6C-9CDD-3A09A1034E4F" value="true"/>
</engineerTo>
<useDomainConstraints>false</useDomainConstraints>
<use>1</use>
<logicalDatatype>LOGDT024</logicalDatatype>
<dataTypeSize>50</dataTypeSize>
<ownDataTypeParameters>50,,</ownDataTypeParameters>
</Attribute>
<Attribute name="owner_street" id="DFC5DAF0-8CBA-B196-CFA2-C0D0FCE568A5">
<createdBy>iwon0004</createdBy>
<createdTime>2021-04-25 02:55:32 UTC</createdTime>
<commentInRDBMS><![CDATA[Owner's street name]]></commentInRDBMS>
<ownerDesignName>assignment1b_oraclemodel</ownerDesignName>
<engineerTo>
<item key="5741DB12-2C93-DE6C-9CDD-3A09A1034E4F" value="true"/>
</engineerTo>
<useDomainConstraints>false</useDomainConstraints>
<use>1</use>
<logicalDatatype>LOGDT024</logicalDatatype>
<dataTypeSize>50</dataTypeSize>
<ownDataTypeParameters>50,,</ownDataTypeParameters>
</Attribute>
<Attribute name="owner_town" id="418D3816-C849-97D3-F6F1-9B8A5A80568C">
<createdBy>iwon0004</createdBy>
<createdTime>2021-04-25 02:55:33 UTC</createdTime>
<commentInRDBMS><![CDATA[Owner's town name]]></commentInRDBMS>
<ownerDesignName>assignment1b_oraclemodel</ownerDesignName>
<engineerTo>
<item key="5741DB12-2C93-DE6C-9CDD-3A09A1034E4F" value="true"/>
</engineerTo>
<useDomainConstraints>false</useDomainConstraints>
<use>1</use>
<logicalDatatype>LOGDT024</logicalDatatype>
<dataTypeSize>15</dataTypeSize>
<ownDataTypeParameters>15,,</ownDataTypeParameters>
</Attribute>
<Attribute name="owner_postcode" id="92D10F4A-8935-82AC-0A15-5FF3234E0E04">
<createdBy>iwon0004</createdBy>
<createdTime>2021-04-25 02:55:34 UTC</createdTime>
<commentInRDBMS><![CDATA[Owner's postcode]]></commentInRDBMS>
<ownerDesignName>assignment1b_oraclemodel</ownerDesignName>
<engineerTo>
<item key="5741DB12-2C93-DE6C-9CDD-3A09A1034E4F" value="true"/>
</engineerTo>
<useDomainConstraints>false</useDomainConstraints>
<use>1</use>
<logicalDatatype>LOGDT024</logicalDatatype>
<dataTypeSize>15</dataTypeSize>
<ownDataTypeParameters>15,,</ownDataTypeParameters>
</Attribute>
</attributes>
<identifiers itemClass="oracle.dbtools.crest.model.design.logical.CandidateKey">
<identifier id="2A4EF27C-0569-79AE-D235-C93F9702E6C0" name="OWNER PK">
<createdBy>iwon0004</createdBy>
<createdTime>2021-04-25 03:05:08 UTC</createdTime>
<ownerDesignName>assignment1b_oraclemodel</ownerDesignName>
<engineerTo>
<item key="5741DB12-2C93-DE6C-9CDD-3A09A1034E4F" value="true"/>
</engineerTo>
<pk>true</pk>
<usedAttributes>
<attributeRef>53F41F5C-7469-0EFF-8E37-FAE62C763B8F</attributeRef>
</usedAttributes>
</identifier>
</identifiers>
</Entity>
