<?xml version = '1.0' encoding = 'UTF-8'?>
<Entity class="oracle.dbtools.crest.model.design.logical.Entity" directorySegmentName="seg_0" id="43042AD7-CE0C-7AB0-D52B-81D323B2EDE0" name="PET">
<createdBy>iwon0004</createdBy>
<createdTime>2021-04-25 03:18:47 UTC</createdTime>
<ownerDesignName>assignment1b_oraclemodel</ownerDesignName>
<engineerTo>
<item key="5741DB12-2C93-DE6C-9CDD-3A09A1034E4F" value="true"/>
</engineerTo>
<adequatelyNormalized>NO</adequatelyNormalized>
<expectedVolumes>0</expectedVolumes>
<fwdEngineeringStrategyName>Single Table</fwdEngineeringStrategyName>
<growthPercent>0</growthPercent>
<growthType>Year</growthType>
<maxVolumes>9999999</maxVolumes>
<minVolumes>0</minVolumes>
<normalForm>Third</normalForm>
<attributes itemClass="oracle.dbtools.crest.model.design.logical.Attribute">
<Attribute name="pet_id" id="B75C663E-D1C9-5546-C201-50F9F8BC4602">
<createdBy>iwon0004</createdBy>
<createdTime>2021-04-25 03:18:56 UTC</createdTime>
<commentInRDBMS><![CDATA[Pet's ID]]></commentInRDBMS>
<ownerDesignName>assignment1b_oraclemodel</ownerDesignName>
<engineerTo>
<item key="5741DB12-2C93-DE6C-9CDD-3A09A1034E4F" value="true"/>
</engineerTo>
<useDomainConstraints>false</useDomainConstraints>
<use>1</use>
<logicalDatatype>LOGDT019</logicalDatatype>
<dataTypePrecision>7</dataTypePrecision>
<ownDataTypeParameters>,7,</ownDataTypeParameters>
</Attribute>
<Attribute name="pet_gender" id="6F83BC60-05B5-D848-E5E1-84DCA93442EC">
<createdBy>iwon0004</createdBy>
<createdTime>2021-04-25 03:18:56 UTC</createdTime>
<commentInRDBMS><![CDATA[Pet's gender, M = Male | F = Female]]></commentInRDBMS>
<ownerDesignName>assignment1b_oraclemodel</ownerDesignName>
<engineerTo>
<item key="5741DB12-2C93-DE6C-9CDD-3A09A1034E4F" value="true"/>
</engineerTo>
<constraintName>chk_petgender</constraintName>
<useDomainConstraints>false</useDomainConstraints>
<use>1</use>
<logicalDatatype>LOGDT025</logicalDatatype>
<dataTypeSize>1</dataTypeSize>
<listOfValues>
<valueDef value="F" description="Female"/>
<valueDef value="M" description="Male"/>
</listOfValues>
<ownDataTypeParameters>1,,</ownDataTypeParameters>
</Attribute>
<Attribute name="pet_name" id="9219F108-7AE1-4273-B9D8-C414BB3AE181">
<createdBy>iwon0004</createdBy>
<createdTime>2021-04-25 03:19:03 UTC</createdTime>
<commentInRDBMS><![CDATA[Pet's name]]></commentInRDBMS>
<ownerDesignName>assignment1b_oraclemodel</ownerDesignName>
<engineerTo>
<item key="5741DB12-2C93-DE6C-9CDD-3A09A1034E4F" value="true"/>
</engineerTo>
<useDomainConstraints>false</useDomainConstraints>
<use>1</use>
<logicalDatatype>LOGDT024</logicalDatatype>
<dataTypeSize>50</dataTypeSize>
<ownDataTypeParameters>50,,</ownDataTypeParameters>
</Attribute>
<Attribute name="pet_birthdate" id="75E642C9-D46C-0EF8-677F-787829995383">
<createdBy>iwon0004</createdBy>
<createdTime>2021-04-25 03:19:04 UTC</createdTime>
<commentInRDBMS><![CDATA[Pet's birthdate]]></commentInRDBMS>
<ownerDesignName>assignment1b_oraclemodel</ownerDesignName>
<engineerTo>
<item key="5741DB12-2C93-DE6C-9CDD-3A09A1034E4F" value="true"/>
</engineerTo>
<useDomainConstraints>false</useDomainConstraints>
<use>1</use>
<logicalDatatype>LOGDT007</logicalDatatype>
<ownDataTypeParameters>,,</ownDataTypeParameters>
</Attribute>
<Attribute name="pet_deceased" id="BF0ED845-C219-61CF-2047-CD2D6FC6B861">
<createdBy>iwon0004</createdBy>
<createdTime>2021-04-25 03:19:05 UTC</createdTime>
<commentInRDBMS><![CDATA[Pet's deceased status, Y = Yes | N = No]]></commentInRDBMS>
<ownerDesignName>assignment1b_oraclemodel</ownerDesignName>
<engineerTo>
<item key="5741DB12-2C93-DE6C-9CDD-3A09A1034E4F" value="true"/>
</engineerTo>
<constraintName>chk_petdeceased</constraintName>
<useDomainConstraints>false</useDomainConstraints>
<use>1</use>
<logicalDatatype>LOGDT025</logicalDatatype>
<dataTypeSize>1</dataTypeSize>
<listOfValues>
<valueDef value="N" description="No"/>
<valueDef value="Y" description="Yes"/>
</listOfValues>
<ownDataTypeParameters>1,,</ownDataTypeParameters>
</Attribute>
</attributes>
<identifiers itemClass="oracle.dbtools.crest.model.design.logical.CandidateKey">
<identifier id="71F35B7E-BEC2-4429-9B8D-905E402E8958" name="PET PK">
<createdBy>iwon0004</createdBy>
<createdTime>2021-04-25 03:20:51 UTC</createdTime>
<ownerDesignName>assignment1b_oraclemodel</ownerDesignName>
<engineerTo>
<item key="5741DB12-2C93-DE6C-9CDD-3A09A1034E4F" value="true"/>
</engineerTo>
<pk>true</pk>
<usedAttributes>
<attributeRef>B75C663E-D1C9-5546-C201-50F9F8BC4602</attributeRef>
</usedAttributes>
</identifier>
</identifiers>
</Entity>
