<?xml version = '1.0' encoding = 'UTF-8'?>
<Entity class="oracle.dbtools.crest.model.design.logical.Entity" directorySegmentName="seg_0" id="A86A1104-7A56-157F-4A5F-16E07F459782" name="PET_TYPE">
<createdBy>iwon0004</createdBy>
<createdTime>2021-04-25 03:24:09 UTC</createdTime>
<ownerDesignName>assignment1b_oraclemodel</ownerDesignName>
<engineerTo>
<item key="5741DB12-2C93-DE6C-9CDD-3A09A1034E4F" value="true"/>
</engineerTo>
<adequatelyNormalized>NO</adequatelyNormalized>
<expectedVolumes>0</expectedVolumes>
<fwdEngineeringStrategyName>Single Table</fwdEngineeringStrategyName>
<growthPercent>0</growthPercent>
<growthType>Year</growthType>
<maxVolumes>9999999</maxVolumes>
<minVolumes>0</minVolumes>
<normalForm>Third</normalForm>
<attributes itemClass="oracle.dbtools.crest.model.design.logical.Attribute">
<Attribute name="pet_type_id" id="CD028D7B-E4EF-BC64-511F-1698DD6A5E19">
<createdBy>iwon0004</createdBy>
<createdTime>2021-04-25 03:24:15 UTC</createdTime>
<commentInRDBMS><![CDATA[Pet type ID]]></commentInRDBMS>
<ownerDesignName>assignment1b_oraclemodel</ownerDesignName>
<engineerTo>
<item key="5741DB12-2C93-DE6C-9CDD-3A09A1034E4F" value="true"/>
</engineerTo>
<useDomainConstraints>false</useDomainConstraints>
<use>1</use>
<logicalDatatype>LOGDT019</logicalDatatype>
<dataTypePrecision>7</dataTypePrecision>
<ownDataTypeParameters>,7,</ownDataTypeParameters>
</Attribute>
<Attribute name="pet_type_desc" id="022E2B81-395D-1F4A-E07C-899577C9A8CE">
<createdBy>iwon0004</createdBy>
<createdTime>2021-04-25 03:24:16 UTC</createdTime>
<commentInRDBMS><![CDATA[Pet type description]]></commentInRDBMS>
<ownerDesignName>assignment1b_oraclemodel</ownerDesignName>
<engineerTo>
<item key="5741DB12-2C93-DE6C-9CDD-3A09A1034E4F" value="true"/>
</engineerTo>
<useDomainConstraints>false</useDomainConstraints>
<use>1</use>
<logicalDatatype>LOGDT024</logicalDatatype>
<dataTypeSize>50</dataTypeSize>
<ownDataTypeParameters>50,,</ownDataTypeParameters>
</Attribute>
</attributes>
<identifiers itemClass="oracle.dbtools.crest.model.design.logical.CandidateKey">
<identifier id="BA5A0193-1CEE-60B4-73E4-CCC14D014745" name="PET_TYPE PK">
<createdBy>iwon0004</createdBy>
<createdTime>2021-04-25 03:25:08 UTC</createdTime>
<ownerDesignName>assignment1b_oraclemodel</ownerDesignName>
<engineerTo>
<item key="5741DB12-2C93-DE6C-9CDD-3A09A1034E4F" value="true"/>
</engineerTo>
<pk>true</pk>
<usedAttributes>
<attributeRef>CD028D7B-E4EF-BC64-511F-1698DD6A5E19</attributeRef>
</usedAttributes>
</identifier>
</identifiers>
</Entity>
